query_source,query_step,query_action,query_phase,query_reason,query_target_kind,neighbor_source,neighbor_step,neighbor_action,neighbor_phase,neighbor_reason,neighbor_target_kind,observation_distance,causal_memory_distance,post_decision_leakage_distance,observation_knn_disagreement,causal_knn_disagreement
teacher_real_micro_20260803_034023_674665/episode_01,0,RIGHT,support_departure,depart_support_platform,normal,teacher_real_micro_20260803_034023_674665/episode_07,0,LEFT,support_departure,depart_support_platform,normal,0.7578006049096253,0.37890030245481265,0.5492236165202518,0.2,0.2
teacher_real_micro_20260803_034023_674665/episode_01,1,RIGHT,support_departure,depart_support_platform,normal,teacher_real_micro_20260803_034023_674665/episode_05,3,RELEASE_ALL,aligned,aligned_with_safe_platform,normal,1.0551543097081837,0.7548048833629051,1.2099082643281571,0.4,0.0
teacher_real_micro_20260803_034023_674665/episode_01,2,RIGHT,support_departure,depart_support_platform,normal,teacher_real_micro_20260803_034023_674665/episode_05,4,RELEASE_ALL,aligned,aligned_with_safe_platform,normal,1.0886374743402039,1.2138006239726487,1.2209851092662112,0.4,0.4
teacher_real_micro_20260803_034023_674665/episode_01,3,RELEASE_ALL,aligned,aligned_with_safe_platform,normal,teacher_real_micro_20260803_034023_674665/episode_09,100,RIGHT,support_departure,depart_support_platform,normal,0.8186737624024192,0.46499526464335916,1.1865533693012655,0.4,0.4
teacher_real_micro_20260803_034023_674665/episode_01,5,LEFT,support_departure,depart_support_platform,normal,teacher_real_micro_20260803_034023_674665/episode_10,6,RELEASE_ALL,aligned,aligned_with_visible_safe_platform,normal,0.6921720502761214,0.46246185239400195,0.9364798728390091,1.0,1.0
teacher_real_micro_20260803_034023_674665/episode_01,6,LEFT,support_departure,depart_support_platform,normal,teacher_real_micro_20260803_034023_674665/episode_10,7,RIGHT,support_departure,depart_support_platform,normal,0.5990865398048641,0.8793917767652584,0.654383836624181,0.6,0.0
teacher_real_micro_20260803_034023_674665/episode_01,7,RELEASE_ALL,aligned,aligned_with_safe_platform,normal,teacher_real_micro_20260803_034023_674665/episode_10,8,RIGHT,support_departure,depart_support_platform,normal,0.6062506108112653,0.6516722141809999,0.9260752458396713,0.6,0.4
teacher_real_micro_20260803_034023_674665/episode_01,8,RELEASE_ALL,aligned,aligned_with_safe_platform,normal,teacher_real_micro_20260803_034023_674665/episode_04,18,LEFT,support_departure,depart_support_platform,normal,0.6565611463608857,0.9709891397030894,0.981074918842233,0.6,0.0
teacher_real_micro_20260803_034023_674665/episode_01,9,RIGHT,support_departure,depart_support_platform,normal,teacher_real_micro_20260803_034023_674665/episode_04,15,LEFT,support_departure,depart_support_platform,normal,0.49407661733299335,0.24754820771166286,0.40120409120886646,0.6,1.0
teacher_real_micro_20260803_034023_674665/episode_01,10,RIGHT,support_departure,depart_support_platform,normal,teacher_real_micro_20260803_034023_674665/episode_04,16,LEFT,support_departure,depart_support_platform,normal,0.5131861873567872,0.4089130056093393,0.40958905728461426,0.6,0.2
teacher_real_micro_20260803_034023_674665/episode_01,11,RIGHT,support_departure,depart_support_platform,normal,teacher_real_micro_20260803_034023_674665/episode_10,9,RELEASE_ALL,aligned,aligned_with_safe_platform,normal,0.42592017768101903,0.21655355932343837,0.9184249150443271,0.6,0.2
teacher_real_micro_20260803_034023_674665/episode_01,12,RELEASE_ALL,aligned,aligned_with_safe_platform,normal,teacher_real_micro_20260803_034023_674665/episode_10,7,RIGHT,support_departure,depart_support_platform,normal,0.6156374929487585,1.0270160553273768,0.8185714193206879,0.4,0.2
teacher_real_micro_20260803_034023_674665/episode_01,13,RELEASE_ALL,aligned,aligned_with_safe_platform,normal,teacher_real_micro_20260803_034023_674665/episode_10,8,RIGHT,support_departure,depart_support_platform,normal,0.6024624280741021,0.8032873532438833,1.004353880523443,0.2,0.2
teacher_real_micro_20260803_034023_674665/episode_01,14,RELEASE_ALL,aligned,aligned_with_safe_platform,normal,teacher_real_micro_20260803_034023_674665/episode_08,38,LEFT,support_departure,depart_support_platform,spring,0.6711304998700027,0.6055159250843988,1.2186887625607983,0.2,0.4
teacher_real_micro_20260803_034023_674665/episode_01,17,LEFT,support_departure,depart_support_platform,normal,teacher_real_micro_20260803_034023_674665/episode_04,13,RELEASE_ALL,aligned,aligned_with_safe_platform,normal,0.3108619160367769,0.1601244704858873,0.7836400401975575,0.2,0.2
teacher_real_micro_20260803_034023_674665/episode_01,18,RELEASE_ALL,aligned,aligned_with_safe_platform,normal,teacher_real_micro_20260803_034023_674665/episode_10,16,LEFT,support_departure,depart_support_platform,normal,0.08866827090740044,0.06310818532369572,0.7082461857958495,0.6,0.8
teacher_real_micro_20260803_034023_674665/episode_01,19,RELEASE_ALL,aligned,aligned_with_safe_platform,normal,teacher_real_micro_20260803_034023_674665/episode_04,15,LEFT,support_departure,depart_support_platform,normal,0.2972417564689216,0.1757413835951015,0.6154894555278176,0.8,0.2
teacher_real_micro_20260803_034023_674665/episode_01,20,LEFT,support_departure,depart_support_platform,normal,teacher_real_micro_20260803_034023_674665/episode_10,18,RIGHT,move,move_toward_safe_platform,normal,0.2889366981533416,0.679548786415074,0.6311319549596762,0.4,0.8
teacher_real_micro_20260803_034023_674665/episode_01,21,LEFT,support_departure,depart_support_platform,normal,teacher_real_micro_20260803_034023_674665/episode_10,19,RIGHT,move,move_toward_safe_platform,normal,0.47005875912768214,0.7172996642788652,0.8788484343277476,0.2,0.0
teacher_real_micro_20260803_034023_674665/episode_01,22,LEFT,move,move_toward_safe_platform,normal,teacher_real_micro_20260803_034023_674665/episode_10,17,RELEASE_ALL,brake,direction_change_brake,normal,0.42798572155993403,0.23776794488058467,0.7548138004194231,0.2,0.2
teacher_real_micro_20260803_034023_674665/episode_01,23,RELEASE_ALL,aligned,aligned_with_safe_platform,normal,teacher_real_micro_20260803_034023_674665/episode_04,18,LEFT,support_departure,depart_support_platform,normal,0.44722172867874754,0.7531384089425348,0.8244242283172742,0.6,0.6
teacher_real_micro_20260803_034023_674665/episode_01,24,RIGHT,support_departure,depart_support_platform,normal,teacher_real_micro_20260803_034023_674665/episode_09,80,RELEASE_ALL,aligned,aligned_with_safe_platform,normal,0.4671438114346697,0.2595272345322845,0.7121136384416187,1.0,0.6
teacher_real_micro_20260803_034023_674665/episode_01,26,RELEASE_ALL,aligned,aligned_with_safe_platform,normal,teacher_real_micro_20260803_034023_674665/episode_06,35,RIGHT,support_departure,depart_support_platform,normal,0.529655785433088,0.2866146040649353,0.9511923520520957,0.8,0.4
teacher_real_micro_20260803_034023_674665/episode_01,27,RELEASE_ALL,aligned,aligned_with_safe_platform,normal,teacher_real_micro_20260803_034023_674665/episode_09,83,RIGHT,support_departure,depart_support_platform,normal,0.580236404222309,0.9056866193942394,0.9194186981285171,0.6,0.4
teacher_real_micro_20260803_034023_674665/episode_01,28,RIGHT,support_departure,depart_support_platform,normal,teacher_real_micro_20260803_034023_674665/episode_09,85,RELEASE_ALL,aligned,aligned_with_safe_platform,normal,0.52869229639723,0.29955828064334644,0.7810598245368768,0.4,0.4
teacher_real_micro_20260803_034023_674665/episode_01,29,RIGHT,support_departure,depart_support_platform,normal,teacher_real_micro_20260803_034023_674665/episode_06,40,LEFT,support_departure,depart_support_platform,normal,0.7642906710092803,0.5595684456493378,0.5491518862853448,0.4,0.0
teacher_real_micro_20260803_034023_674665/episode_01,30,RIGHT,support_departure,depart_support_platform,normal,teacher_real_micro_20260803_034023_674665/episode_06,48,RELEASE_ALL,aligned,aligned_with_safe_platform,normal,0.6239597122838922,0.37516645044644065,0.9981925067323891,0.4,0.4
teacher_real_micro_20260803_034023_674665/episode_01,31,RELEASE_ALL,aligned,aligned_with_safe_platform,normal,teacher_real_micro_20260803_034023_674665/episode_02,9,RIGHT,move,move_toward_safe_platform,normal,0.7496105561051641,1.3454120847766735,0.5914590601667382,0.6,0.2
teacher_real_micro_20260803_034023_674665/episode_01,32,RELEASE_ALL,aligned,aligned_with_safe_platform,normal,teacher_real_micro_20260803_034023_674665/episode_06,49,LEFT,move,move_toward_safe_platform,normal,0.6975685186106516,0.3740804898848133,0.5671687013576308,1.0,0.4
teacher_real_micro_20260803_034023_674665/episode_01,34,LEFT,support_departure,depart_support_platform,flipping,teacher_real_micro_20260803_034023_674665/episode_02,14,RELEASE_ALL,aligned,aligned_with_safe_platform,flipping,0.8525205390202085,0.6834198294333611,1.0696606630059662,0.2,0.0
teacher_real_micro_20260803_034023_674665/episode_01,35,LEFT,support_departure,depart_support_platform,flipping,teacher_real_micro_20260803_034023_674665/episode_02,55,RELEASE_ALL,aligned,aligned_with_safe_platform,flipping,0.7338748459732717,0.37296713479183485,1.064087412212344,0.2,0.2
teacher_real_micro_20260803_034023_674665/episode_01,36,RELEASE_ALL,aligned,aligned_with_safe_platform,flipping,teacher_real_micro_20260803_034023_674665/episode_03,15,LEFT,move,move_toward_safe_platform,flipping,0.7395949659498012,0.3762672115739276,0.5757210618232149,0.6,0.6
teacher_real_micro_20260803_034023_674665/episode_01,37,LEFT,support_departure,depart_support_platform,spring,teacher_real_micro_20260803_034023_674665/episode_02,57,RIGHT,support_departure,depart_support_platform,normal,0.7561980795465598,0.4064831001904784,0.9087691716856952,0.6,0.8
teacher_real_micro_20260803_034023_674665/episode_01,38,RELEASE_ALL,aligned,aligned_with_safe_platform,spring,teacher_real_micro_20260803_034023_674665/episode_02,104,LEFT,support_departure,depart_support_platform,normal,0.9543296144146036,0.8981348335617142,1.3712547533516217,0.8,0.8
teacher_real_micro_20260803_034023_674665/episode_01,39,RELEASE_ALL,aligned,aligned_with_safe_platform,spring,teacher_real_micro_20260803_034023_674665/episode_03,20,LEFT,support_departure,depart_support_platform,flipping,1.107331405816538,1.2584181297123576,1.4981728530104361,0.8,0.8
teacher_real_micro_20260803_034023_674665/episode_01,40,RIGHT,special_escape,escape_special_contact,spring,teacher_real_micro_20260803_034023_674665/episode_09,119,LEFT,special_escape,escape_special_contact,spikes,1.3239598856146388,2.3338790216840817,2.0491862099484615,0.6,0.8
teacher_real_micro_20260803_034023_674665/episode_01,41,RIGHT,special_escape,escape_special_contact,spring,teacher_real_micro_20260803_034023_674665/episode_02,11,RELEASE_ALL,brake,direction_change_brake,flipping,1.2657379334362164,2.1333073659479522,2.825979200239698,0.6,0.2
teacher_real_micro_20260803_034023_674665/episode_01,42,RELEASE_ALL,aligned,aligned_with_safe_platform,conveyor,teacher_real_micro_20260803_034023_674665/episode_09,27,RIGHT,special_escape,escape_special_contact,spikes,1.2611663882550053,1.2271273292345426,2.3609551036663046,0.8,0.8
teacher_real_micro_20260803_034023_674665/episode_01,43,RELEASE_ALL,aligned,aligned_with_safe_platform,conveyor,teacher_real_micro_20260803_034023_674665/episode_09,28,RIGHT,special_escape,escape_special_contact,spikes,1.3227808574039224,2.358095327147688,2.4504570085693342,0.4,0.2
teacher_real_micro_20260803_034023_674665/episode_01,44,RELEASE_ALL,aligned,aligned_with_safe_platform,conveyor,teacher_real_micro_20260803_034023_674665/episode_02,13,LEFT,support_departure,depart_support_platform,flipping,1.2634678760682139,1.4430093298853515,1.629803774493083,0.4,0.6
teacher_real_micro_20260803_034023_674665/episode_01,45,RELEASE_ALL,aligned,aligned_with_safe_platform,flipping,teacher_real_micro_20260803_034023_674665/episode_06,73,RIGHT,special_escape,escape_special_contact,spikes,1.4968137638981756,1.0630707377451263,2.583440772281758,0.4,0.6
teacher_real_micro_20260803_034023_674665/episode_01,46,RELEASE_ALL,aligned,aligned_with_safe_platform,flipping,teacher_real_micro_20260803_034023_674665/episode_02,66,LEFT,support_departure,depart_support_platform,normal,1.626536714955535,1.6405599545343192,1.7002226277886385,0.6,0.6
teacher_real_micro_20260803_034023_674665/episode_01,47,RELEASE_ALL,aligned,aligned_with_safe_platform,flipping,teacher_real_micro_20260803_034023_674665/episode_06,19,RIGHT,special_escape,escape_special_contact,spring,1.7584796811370247,2.8002814078111955,2.9697325948187574,0.4,0.4
teacher_real_micro_20260803_034023_674665/episode_01,48,LEFT,launch,escape_launch_platform,conveyor,teacher_real_micro_20260803_034023_674665/episode_09,88,RELEASE_ALL,aligned,aligned_with_safe_platform,normal,1.650164637986157,1.7917212535263936,2.724780960078376,0.8,0.8
teacher_real_micro_20260803_034023_674665/episode_01,49,LEFT,support_departure,depart_support_platform,flipping,teacher_real_micro_20260803_034023_674665/episode_06,19,RIGHT,special_escape,escape_special_contact,spring,1.6326979332633564,3.558270121262633,3.0052508699947187,0.6,0.6
teacher_real_micro_20260803_034023_674665/episode_01,50,RELEASE_ALL,aligned,aligned_with_safe_platform,flipping,teacher_real_micro_20260803_034023_674665/episode_03,18,LEFT,support_departure,depart_support_platform,normal,1.4867801578360444,1.4108810894527535,1.6227201085728902,0.8,1.0
teacher_real_micro_20260803_034023_674665/episode_01,51,RELEASE_ALL,aligned,aligned_with_safe_platform,flipping,teacher_real_micro_20260803_034023_674665/episode_03,36,LEFT,special_escape,escape_special_contact,spikes,1.5534876587995436,2.48744645283198,2.8722234711675996,0.8,0.4
teacher_real_micro_20260803_034023_674665/episode_01,52,RELEASE_ALL,aligned,aligned_with_safe_platform,flipping,teacher_real_micro_20260803_034023_674665/episode_06,25,LEFT,move,move_toward_safe_platform,normal,1.406761084867535,1.4202319032356823,1.0959239731419705,0.6,0.4
teacher_real_micro_20260803_034023_674665/episode_01,53,RELEASE_ALL,aligned,aligned_with_safe_platform,flipping,teacher_real_micro_20260803_034023_674665/episode_06,23,LEFT,support_departure,depart_support_platform,normal,1.5941559201586821,1.4404802106881165,1.7300253485182353,1.0,0.4
teacher_real_micro_20260803_034023_674665/episode_01,54,RIGHT,recovery,move_toward_recovery_platform,normal,teacher_real_micro_20260803_034023_674665/episode_06,26,RELEASE_ALL,aligned,aligned_with_safe_platform,normal,1.6794135344001742,1.333036557445817,1.1123137362229696,0.8,1.0
teacher_real_micro_20260803_034023_674665/episode_01,55,RIGHT,recovery,move_toward_recovery_platform,normal,teacher_real_micro_20260803_034023_674665/episode_02,117,LEFT,support_departure,depart_support_platform,spring,1.7220328989382867,1.6707085767213754,1.874590367743271,0.8,0.6
teacher_real_micro_20260803_034023_674665/episode_01,56,RELEASE_ALL,recovery,aligned_with_recovery_platform,normal,teacher_real_micro_20260803_034023_674665/episode_02,170,RIGHT,support_departure,depart_support_platform,normal,1.6459180659968382,2.1383329988179973,2.3476560177883417,0.8,0.6
teacher_real_micro_20260803_034023_674665/episode_01,57,RELEASE_ALL,recovery,aligned_with_recovery_platform,normal,teacher_real_micro_20260803_034023_674665/episode_02,171,RIGHT,support_departure,depart_support_platform,normal,1.7117688758848866,2.353060268647634,2.4168544518874375,0.6,0.4
teacher_real_micro_20260803_034023_674665/episode_01,58,RIGHT,launch,escape_launch_platform,flipping,teacher_real_micro_20260803_034023_674665/episode_03,13,LEFT,support_departure,depart_support_platform,flipping,1.4836851425051243,0.9382962446925449,2.592707716811435,0.6,1.0
teacher_real_micro_20260803_034023_674665/episode_01,59,RELEASE_ALL,brake,direction_change_brake,spring,teacher_real_micro_20260803_034023_674665/episode_03,14,LEFT,support_departure,depart_support_platform,flipping,1.2096184525311036,2.4214603350720916,2.9036815127854307,0.6,0.8
teacher_real_micro_20260803_034023_674665/episode_01,60,LEFT,special_escape,escape_special_contact,spring,teacher_real_micro_20260803_034023_674665/episode_02,124,RIGHT,special_escape,escape_special_contact,spring,1.1731033873497685,1.8684335536227137,3.032636015795793,0.8,0.8
teacher_real_micro_20260803_034023_674665/episode_01,61,LEFT,special_escape,escape_special_contact,spring,teacher_real_micro_20260803_034023_674665/episode_02,125,RELEASE_ALL,aligned,aligned_with_safe_platform,normal,1.333559688639404,3.072001890185965,3.2718320788421624,0.6,0.8
teacher_real_micro_20260803_034023_674665/episode_01,62,RELEASE_ALL,brake,direction_change_brake,spring,teacher_real_micro_20260803_034023_674665/episode_03,15,LEFT,move,move_toward_safe_platform,flipping,1.359318593861775,2.8469448744110313,4.705350411344577,1.0,0.2
teacher_real_micro_20260803_034023_674665/episode_01,63,LEFT,move,move_toward_deeper_safe_platform,normal,teacher_real_micro_20260803_034023_674665/episode_02,15,RELEASE_ALL,aligned,aligned_with_safe_platform,flipping,1.4910517981390894,4.675573250349979,1.3774661151418983,0.4,0.4
teacher_real_micro_20260803_034023_674665/episode_01,64,RELEASE_ALL,brake,direction_change_brake,normal,teacher_real_micro_20260803_034023_674665/episode_03,16,LEFT,move,move_toward_safe_platform,flipping,1.4854077044150955,1.168153699375094,1.6763871038910385,0.8,0.6
teacher_real_micro_20260803_034023_674665/episode_01,65,RELEASE_ALL,recovery,aligned_with_recovery_platform,normal,teacher_real_micro_20260803_034023_674665/episode_02,133,LEFT,wall_guard,wall_guard_cooldown,spikes,1.4635421766240102,1.3188480370896583,2.5479495890397463,0.8,0.8
teacher_real_micro_20260803_034023_674665/episode_01,66,LEFT,support_departure,depart_support_platform,normal,teacher_real_micro_20260803_034023_674665/episode_09,70,RELEASE_ALL,recovery,aligned_with_recovery_platform,normal,1.4288391907684002,1.1024349939537752,1.371463165561349,0.6,0.6
teacher_real_micro_20260803_034023_674665/episode_01,67,LEFT,support_departure,depart_support_platform,normal,teacher_real_micro_20260803_034023_674665/episode_06,26,RELEASE_ALL,aligned,aligned_with_safe_platform,normal,1.324019770208338,1.3225366427101526,1.2769366351458655,0.4,0.0
teacher_real_micro_20260803_034023_674665/episode_01,68,RELEASE_ALL,recovery,aligned_with_recovery_platform,normal,teacher_real_micro_20260803_034023_674665/episode_06,27,LEFT,support_departure,depart_support_platform,normal,0.825416909175784,1.0167348428932286,0.9200331756388787,0.8,0.8
teacher_real_micro_20260803_034023_674665/episode_01,69,RELEASE_ALL,recovery,aligned_with_recovery_platform,normal,teacher_real_micro_20260803_034023_674665/episode_06,28,LEFT,support_departure,depart_support_platform,normal,0.6991383026605009,0.8495048954909714,1.003293247291011,0.8,0.6
teacher_real_micro_20260803_034023_674665/episode_01,70,LEFT,support_departure,depart_support_platform,normal,teacher_real_micro_20260803_034023_674665/episode_06,32,RELEASE_ALL,aligned,aligned_with_safe_platform,normal,0.7659416023130838,0.5133773548546638,0.9013020009851268,0.6,1.0
teacher_real_micro_20260803_034023_674665/episode_01,71,LEFT,support_departure,depart_support_platform,normal,teacher_real_micro_20260803_034023_674665/episode_06,32,RELEASE_ALL,aligned,aligned_with_safe_platform,normal,0.9123013906612513,0.956365475208359,1.0759418248458412,0.8,0.2
teacher_real_micro_20260803_034023_674665/episode_01,72,LEFT,support_departure,depart_support_platform,normal,teacher_real_micro_20260803_034023_674665/episode_06,37,RELEASE_ALL,aligned,aligned_with_safe_platform,normal,0.8221564511770061,0.6061023187265506,1.0839069085899533,0.6,0.0
teacher_real_micro_20260803_034023_674665/episode_01,73,RELEASE_ALL,recovery,aligned_with_recovery_platform,normal,teacher_real_micro_20260803_034023_674665/episode_06,35,RIGHT,support_departure,depart_support_platform,normal,0.9099462171002564,0.6269349598006687,1.1281753645156056,0.6,0.4
teacher_real_micro_20260803_034023_674665/episode_01,74,RELEASE_ALL,recovery,aligned_with_recovery_platform,normal,teacher_real_micro_20260803_034023_674665/episode_06,33,RIGHT,support_departure,depart_support_platform,normal,1.060639017560509,0.6660171623485217,1.044725124891321,0.8,0.6
teacher_real_micro_20260803_034023_674665/episode_01,75,RELEASE_ALL,aligned,aligned_with_visible_safe_platform,normal,teacher_real_micro_20260803_034023_674665/episode_06,33,RIGHT,support_departure,depart_support_platform,normal,0.858213158629219,0.5337189821555338,0.9008483589912497,1.0,0.6
teacher_real_micro_20260803_034023_674665/episode_01,76,RELEASE_ALL,aligned,aligned_with_visible_safe_platform,normal,teacher_real_micro_20260803_034023_674665/episode_06,34,RIGHT,support_departure,depart_support_platform,normal,0.930741551442477,0.9284731544415161,1.0910408860533605,0.8,0.8
teacher_real_micro_20260803_034023_674665/episode_01,77,RELEASE_ALL,aligned,aligned_with_visible_safe_platform,normal,teacher_real_micro_20260803_034023_674665/episode_06,35,RIGHT,support_departure,depart_support_platform,normal,1.0564855305265661,1.1418726669155668,1.30015189981605,0.6,0.8
teacher_real_micro_20260803_034023_674665/episode_01,78,LEFT,support_departure,depart_support_platform,normal,teacher_real_micro_20260803_034023_674665/episode_09,114,RIGHT,support_departure,depart_support_platform,normal,0.7514054604149905,0.4968547052973934,0.5615736083220417,1.0,0.8
teacher_real_micro_20260803_034023_674665/episode_01,79,LEFT,support_departure,depart_support_platform,normal,teacher_real_micro_20260803_034023_674665/episode_09,115,RIGHT,support_departure,depart_support_platform,normal,0.5872414829882531,0.4771065092781986,0.459304376747801,1.0,0.6
teacher_real_micro_20260803_034023_674665/episode_01,80,RELEASE_ALL,aligned,aligned_with_safe_platform,normal,teacher_real_micro_20260803_034023_674665/episode_09,114,RIGHT,support_departure,depart_support_platform,normal,0.974304162395388,1.062417796207789,0.9839232691351081,0.4,0.2
teacher_real_micro_20260803_034023_674665/episode_01,81,RELEASE_ALL,aligned,aligned_with_safe_platform,normal,teacher_real_micro_20260803_034023_674665/episode_09,114,RIGHT,support_departure,depart_support_platform,normal,1.0005768544676474,0.6938635130061628,1.001222753494139,0.4,0.0
teacher_real_micro_20260803_034023_674665/episode_01,82,RELEASE_ALL,aligned,aligned_with_safe_platform,normal,teacher_real_micro_20260803_034023_674665/episode_09,114,RIGHT,support_departure,depart_support_platform,normal,1.1353602369901565,0.7148171732234168,1.1084785420437946,0.4,0.2
teacher_real_micro_20260803_034023_674665/episode_01,83,RELEASE_ALL,aligned,aligned_with_safe_platform,normal,teacher_real_micro_20260803_034023_674665/episode_09,38,RIGHT,support_departure,depart_support_platform,normal,1.0873060848987022,0.6534979917827042,1.1194374205718451,0.6,0.2
teacher_real_micro_20260803_034023_674665/episode_01,86,RIGHT,support_departure,depart_support_platform,normal,teacher_real_micro_20260803_034023_674665/episode_09,8,RELEASE_ALL,brake,direction_change_brake,spikes,0.6859655159518829,0.9976817386993814,2.3984365438144932,0.2,0.2
teacher_real_micro_20260803_034023_674665/episode_01,87,RELEASE_ALL,aligned,aligned_with_safe_platform,normal,teacher_real_micro_20260803_034023_674665/episode_09,7,RIGHT,move,move_toward_safe_platform,normal,0.5547249155361913,0.4902553281893375,0.565928537755446,0.6,0.4
teacher_real_micro_20260803_034023_674665/episode_01,88,LEFT,special_escape,escape_special_contact,spikes,teacher_real_micro_20260803_034023_674665/episode_09,8,RELEASE_ALL,brake,direction_change_brake,spikes,0.5994880830993129,0.5890717594982382,0.9811690303403104,0.6,0.8
teacher_real_micro_20260803_034023_674665/episode_01,89,LEFT,special_escape,escape_special_contact,spikes,teacher_real_micro_20260803_034023_674665/episode_07,24,RELEASE_ALL,aligned,aligned_with_safe_platform,normal,0.7408249230309483,1.861412619881179,1.9744177669381862,0.8,0.0
teacher_real_micro_20260803_034023_674665/episode_01,90,RELEASE_ALL,brake,direction_change_brake,spring,teacher_real_micro_20260803_034023_674665/episode_07,25,RIGHT,support_departure,depart_support_platform,flipping,0.9595101874857208,2.0520115734450854,3.788614908402111,0.6,0.8
teacher_real_micro_20260803_034023_674665/episode_01,91,RIGHT,wall_guard,wall_guard_inward,spring,teacher_real_micro_20260803_034023_674665/episode_09,56,LEFT,support_departure,depart_support_platform,conveyor,0.9329191807168994,4.027941398932022,7.018146152319865,0.8,0.0
teacher_real_micro_20260803_034023_674665/episode_01,92,RIGHT,wall_guard,wall_guard_cooldown,spring,teacher_real_micro_20260803_034023_674665/episode_09,5,RELEASE_ALL,aligned,aligned_with_visible_safe_platform,normal,1.1574608570460796,6.281297172103795,2.954269514903472,0.8,0.4
teacher_real_micro_20260803_034023_674665/episode_01,93,RIGHT,wall_guard,wall_guard_cooldown,spring,teacher_real_micro_20260803_034023_674665/episode_02,74,RELEASE_ALL,aligned,aligned_with_visible_safe_platform,normal,1.1336740410577986,2.8922032861007,2.694966088210963,0.2,0.4
teacher_real_micro_20260803_034023_674665/episode_01,94,RIGHT,wall_guard,wall_guard_cooldown,spring,teacher_real_micro_20260803_034023_674665/episode_09,53,RELEASE_ALL,recovery,aligned_with_recovery_platform,normal,0.8579755504792713,2.3855115961224036,2.4276787619648683,0.4,0.4
teacher_real_micro_20260803_034023_674665/episode_01,95,RELEASE_ALL,aligned,aligned_with_safe_platform,normal,teacher_real_micro_20260803_034023_674665/episode_02,124,RIGHT,special_escape,escape_special_contact,spring,0.867033080160072,1.4452349496563843,3.7711738590441195,0.6,0.6
teacher_real_micro_20260803_034023_674665/episode_01,96,RELEASE_ALL,aligned,aligned_with_safe_platform,normal,teacher_real_micro_20260803_034023_674665/episode_09,18,LEFT,recovery,move_toward_recovery_platform,normal,1.152270253921319,1.2146959737467893,0.8216188948296561,0.4,0.2
teacher_real_micro_20260803_034023_674665/episode_01,97,RIGHT,support_departure,depart_support_platform,normal,teacher_real_micro_20260803_034023_674665/episode_10,4,RELEASE_ALL,aligned,aligned_with_safe_platform,normal,0.9584624639063188,0.5463358507052533,1.005235894173253,0.8,1.0
teacher_real_micro_20260803_034023_674665/episode_01,98,RIGHT,support_departure,depart_support_platform,normal,teacher_real_micro_20260803_034023_674665/episode_02,127,RELEASE_ALL,brake,direction_change_brake,normal,0.8484645252133197,0.6639232203479399,4.580498839789088,1.0,0.2
teacher_real_micro_20260803_034023_674665/episode_01,99,RELEASE_ALL,aligned,aligned_with_safe_platform,normal,teacher_real_micro_20260803_034023_674665/episode_08,19,LEFT,support_departure,depart_support_platform,normal,0.4697564501611674,0.850477756009083,0.7173903865548167,0.6,0.2
teacher_real_micro_20260803_034023_674665/episode_01,100,LEFT,move,move_toward_safe_platform,normal,teacher_real_micro_20260803_034023_674665/episode_08,4,RELEASE_ALL,aligned,aligned_with_safe_platform,normal,0.5112254302613403,0.28507782081432126,0.478520676139666,0.6,1.0
teacher_real_micro_20260803_034023_674665/episode_01,101,LEFT,support_departure,depart_support_platform,normal,teacher_real_micro_20260803_034023_674665/episode_08,5,RELEASE_ALL,aligned,aligned_with_visible_safe_platform,normal,0.47823726244946035,0.4614505617211126,0.7561996356771843,0.8,0.6
teacher_real_micro_20260803_034023_674665/episode_01,102,LEFT,support_departure,depart_support_platform,normal,teacher_real_micro_20260803_034023_674665/episode_10,6,RELEASE_ALL,aligned,aligned_with_visible_safe_platform,normal,0.4441344522386375,0.7360300055929965,0.9411079969659993,0.4,0.0
teacher_real_micro_20260803_034023_674665/episode_01,103,LEFT,support_departure,depart_support_platform,normal,teacher_real_micro_20260803_034023_674665/episode_10,17,RELEASE_ALL,brake,direction_change_brake,normal,0.4542743791709577,0.2842875840905235,1.2643883868889962,0.4,0.2
teacher_real_micro_20260803_034023_674665/episode_01,104,LEFT,support_departure,depart_support_platform,normal,teacher_real_micro_20260803_034023_674665/episode_10,17,RELEASE_ALL,brake,direction_change_brake,normal,0.510168872989358,0.29785734384745194,1.3007947532693471,0.2,0.2
teacher_real_micro_20260803_034023_674665/episode_01,105,RELEASE_ALL,aligned,aligned_with_safe_platform,normal,teacher_real_micro_20260803_034023_674665/episode_04,18,LEFT,support_departure,depart_support_platform,normal,0.27230381700359424,0.1934938017726568,0.7874401273756262,0.8,0.8
teacher_real_micro_20260803_034023_674665/episode_01,106,RELEASE_ALL,aligned,aligned_with_safe_platform,normal,teacher_real_micro_20260803_034023_674665/episode_04,19,LEFT,move,move_toward_safe_platform,normal,0.42555147503437357,0.8519701712066329,0.4754243070509996,0.6,0.4
teacher_real_micro_20260803_034023_674665/episode_01,107,RELEASE_ALL,aligned,aligned_with_visible_safe_platform,normal,teacher_real_micro_20260803_034023_674665/episode_06,33,RIGHT,support_departure,depart_support_platform,normal,0.42913178909183264,0.24153754934068655,0.6783708410364946,0.8,0.8
teacher_real_micro_20260803_034023_674665/episode_01,108,RELEASE_ALL,aligned,aligned_with_visible_safe_platform,normal,teacher_real_micro_20260803_034023_674665/episode_06,34,RIGHT,support_departure,depart_support_platform,normal,0.4510307780095457,0.6810959183747067,0.8384199145782322,1.0,0.8
teacher_real_micro_20260803_034023_674665/episode_01,109,RIGHT,support_departure,depart_support_platform,flipping,teacher_real_micro_20260803_034023_674665/episode_02,3,RELEASE_ALL,aligned,aligned_with_safe_platform,normal,0.6674301779724436,0.5816281515907931,0.9683914629918052,0.6,0.6
teacher_real_micro_20260803_034023_674665/episode_01,110,RIGHT,support_departure,depart_support_platform,flipping,teacher_real_micro_20260803_034023_674665/episode_02,4,RELEASE_ALL,aligned,aligned_with_safe_platform,normal,0.7071598369285392,0.9774306126926526,1.1788142640982338,0.4,0.0
teacher_real_micro_20260803_034023_674665/episode_01,111,RIGHT,support_departure,depart_support_platform,flipping,teacher_real_micro_20260803_034023_674665/episode_02,5,LEFT,support_departure,depart_support_platform,normal,0.7793588411101481,1.1999333927884068,0.9008790514677598,0.8,0.6
teacher_real_micro_20260803_034023_674665/episode_01,112,RELEASE_ALL,aligned,aligned_with_safe_platform,flipping,teacher_real_micro_20260803_034023_674665/episode_02,6,LEFT,support_departure,depart_support_platform,normal,0.8279238259838514,0.9162995927451658,1.1185442590050334,0.8,1.0
teacher_real_micro_20260803_034023_674665/episode_01,113,RELEASE_ALL,aligned,aligned_with_safe_platform,flipping,teacher_real_micro_20260803_034023_674665/episode_02,9,RIGHT,move,move_toward_safe_platform,normal,0.8230484455886391,0.9955913457974691,0.6970509856894744,1.0,0.6
teacher_real_micro_20260803_034023_674665/episode_01,114,RELEASE_ALL,aligned,aligned_with_safe_platform,flipping,teacher_real_micro_20260803_034023_674665/episode_02,9,RIGHT,move,move_toward_safe_platform,normal,0.694619276806228,0.9710686774510409,0.6702848456420882,0.8,0.4
teacher_real_micro_20260803_034023_674665/episode_01,115,LEFT,support_departure,depart_support_platform,flipping,teacher_real_micro_20260803_034023_674665/episode_02,11,RELEASE_ALL,brake,direction_change_brake,flipping,0.7877079561190893,0.6997418325184395,1.2201352867133632,0.6,0.8
teacher_real_micro_20260803_034023_674665/episode_01,116,LEFT,support_departure,depart_support_platform,flipping,teacher_real_micro_20260803_034023_674665/episode_02,11,RELEASE_ALL,brake,direction_change_brake,flipping,0.9484717086392253,1.2437198043534856,1.4402417978237085,0.2,0.0
teacher_real_micro_20260803_034023_674665/episode_01,117,LEFT,support_departure,depart_support_platform,flipping,teacher_real_micro_20260803_034023_674665/episode_02,14,RELEASE_ALL,aligned,aligned_with_safe_platform,flipping,0.9473232409245371,0.7486650665503769,1.288372937075403,0.2,0.2
teacher_real_micro_20260803_034023_674665/episode_01,118,RELEASE_ALL,aligned,aligned_with_visible_safe_platform,flipping,teacher_real_micro_20260803_034023_674665/episode_03,34,LEFT,move,move_toward_safe_platform,spring,1.0778220511536065,1.4993273777369556,1.0890288805988642,0.6,0.6
teacher_real_micro_20260803_034023_674665/episode_01,119,RIGHT,support_departure,depart_support_platform,flipping,teacher_real_micro_20260803_034023_674665/episode_02,16,LEFT,support_departure,depart_support_platform,normal,1.1445632482751849,0.7667733864966553,0.9858856399284648,0.4,0.4
teacher_real_micro_20260803_034023_674665/episode_01,120,RIGHT,move,move_toward_safe_platform,flipping,teacher_real_micro_20260803_034023_674665/episode_02,17,LEFT,move,move_toward_safe_platform,normal,1.5778801686505521,1.19638116552739,1.0021788323595957,0.4,0.4
teacher_real_micro_20260803_034023_674665/episode_01,121,RELEASE_ALL,aligned,aligned_with_visible_safe_platform,flipping,teacher_real_micro_20260803_034023_674665/episode_02,18,LEFT,support_departure,depart_support_platform,normal,1.7288776543698892,1.0762717875339347,1.507446510748378,0.8,0.6
teacher_real_micro_20260803_034023_674665/episode_01,122,RELEASE_ALL,aligned,aligned_with_safe_platform,flipping,teacher_real_micro_20260803_034023_674665/episode_07,53,LEFT,support_departure,depart_support_platform,flipping,1.6923551366184897,1.3267758355836405,1.4998848619857288,0.8,1.0
teacher_real_micro_20260803_034023_674665/episode_01,123,RELEASE_ALL,aligned,aligned_with_safe_platform,flipping,teacher_real_micro_20260803_034023_674665/episode_07,54,LEFT,support_departure,depart_support_platform,flipping,1.9861523407017405,1.6348926149794045,1.7354116026233442,0.8,0.8
teacher_real_micro_20260803_034023_674665/episode_01,124,RIGHT,move,reposition_for_unseen_landing,,teacher_real_micro_20260803_034023_674665/episode_07,54,LEFT,support_departure,depart_support_platform,flipping,1.9752175554750206,1.702389026186075,1.5463434222375705,0.6,0.8
teacher_real_micro_20260803_034023_674665/episode_01,125,RIGHT,launch,escape_launch_platform,normal,teacher_real_micro_20260803_034023_674665/episode_07,54,LEFT,support_departure,depart_support_platform,flipping,2.048799095434701,1.542275778248038,2.7637119739855462,0.8,0.6
teacher_real_micro_20260803_034023_674665/episode_01,126,RELEASE_ALL,brake,direction_change_brake,,teacher_real_micro_20260803_034023_674665/episode_07,54,LEFT,support_departure,depart_support_platform,flipping,2.5497279222995144,2.9529859877986073,2.311705957927078,1.0,0.8
teacher_real_micro_20260803_034023_674665/episode_01,127,LEFT,move,reposition_for_unseen_landing,,teacher_real_micro_20260803_034023_674665/episode_08,48,RELEASE_ALL,recovery,aligned_with_visible_recovery_platform,normal,2.467667494216538,2.2098832503197006,1.9015497116165188,0.6,0.4
teacher_real_micro_20260803_034023_674665/episode_02,0,RIGHT,support_departure,depart_support_platform,normal,teacher_real_micro_20260803_034023_674665/episode_09,0,LEFT,support_departure,depart_support_platform,normal,0.4556684159648223,0.22783420798241116,0.3801576966871093,0.2,0.4
teacher_real_micro_20260803_034023_674665/episode_02,2,RELEASE_ALL,aligned,aligned_with_safe_platform,normal,teacher_real_micro_20260803_034023_674665/episode_10,2,RIGHT,support_departure,depart_support_platform,normal,0.35251892170658045,0.17691948604403224,0.8273054809214984,1.0,0.6
teacher_real_micro_20260803_034023_674665/episode_02,3,RELEASE_ALL,aligned,aligned_with_safe_platform,normal,teacher_real_micro_20260803_034023_674665/episode_08,29,LEFT,support_departure,depart_support_platform,normal,0.6574101325764344,1.020913320606701,1.032660554149635,0.4,0.4
teacher_real_micro_20260803_034023_674665/episode_02,4,RELEASE_ALL,aligned,aligned_with_safe_platform,normal,teacher_real_micro_20260803_034023_674665/episode_08,30,LEFT,support_departure,depart_support_platform,normal,0.6647122149518457,1.0239860849260694,1.053044499673465,0.6,0.0
teacher_real_micro_20260803_034023_674665/episode_02,5,LEFT,support_departure,depart_support_platform,normal,teacher_real_micro_20260803_034023_674665/episode_04,8,RELEASE_ALL,aligned,aligned_with_safe_platform,normal,0.6152001070040212,0.9591723452240379,0.7843233574343383,0.8,1.0
teacher_real_micro_20260803_034023_674665/episode_02,6,LEFT,support_departure,depart_support_platform,normal,teacher_real_micro_20260803_034023_674665/episode_04,9,RELEASE_ALL,aligned,aligned_with_safe_platform,normal,0.7253694913892457,0.831511369047139,1.0675573056685894,0.6,0.0
teacher_real_micro_20260803_034023_674665/episode_02,8,RELEASE_ALL,brake,direction_change_brake,normal,teacher_real_micro_20260803_034023_674665/episode_09,21,LEFT,support_departure,depart_support_platform,normal,0.5342424732711171,0.3175215709190451,1.2864167761994247,0.6,0.8
teacher_real_micro_20260803_034023_674665/episode_02,9,RIGHT,move,move_toward_safe_platform,normal,teacher_real_micro_20260803_034023_674665/episode_01,106,RELEASE_ALL,aligned,aligned_with_safe_platform,normal,0.6242482517193134,0.8492983290173182,0.5536537445070691,1.0,0.0
teacher_real_micro_20260803_034023_674665/episode_02,10,RIGHT,move,move_toward_safe_platform,normal,teacher_real_micro_20260803_034023_674665/episode_08,38,LEFT,support_departure,depart_support_platform,spring,0.6795328149057461,0.5981245112543467,1.1447431542804123,1.0,0.8
teacher_real_micro_20260803_034023_674665/episode_02,11,RELEASE_ALL,brake,direction_change_brake,flipping,teacher_real_micro_20260803_034023_674665/episode_08,39,LEFT,support_departure,depart_support_platform,spring,0.656253737778581,1.122907017056295,1.5746461251718615,1.0,0.6
teacher_real_micro_20260803_034023_674665/episode_02,12,LEFT,support_departure,depart_support_platform,flipping,teacher_real_micro_20260803_034023_674665/episode_07,7,RIGHT,support_departure,depart_support_platform,normal,0.8566882677199373,1.2137610333683788,0.9678974895602881,0.2,0.0
teacher_real_micro_20260803_034023_674665/episode_02,13,LEFT,support_departure,depart_support_platform,flipping,teacher_real_micro_20260803_034023_674665/episode_07,8,RELEASE_ALL,aligned,aligned_with_safe_platform,normal,0.730434908164385,0.8955538206997204,1.0822318182506117,0.2,0.0
teacher_real_micro_20260803_034023_674665/episode_02,14,RELEASE_ALL,aligned,aligned_with_safe_platform,flipping,teacher_real_micro_20260803_034023_674665/episode_08,41,LEFT,support_departure,depart_support_platform,spring,0.5086747702698211,0.8024112124855016,1.264849859924308,1.0,1.0
teacher_real_micro_20260803_034023_674665/episode_02,15,RELEASE_ALL,aligned,aligned_with_safe_platform,flipping,teacher_real_micro_20260803_034023_674665/episode_08,41,LEFT,support_departure,depart_support_platform,spring,0.5140555048307363,1.2263266918647582,1.257641609884603,0.8,0.2
teacher_real_micro_20260803_034023_674665/episode_02,16,LEFT,support_departure,depart_support_platform,normal,teacher_real_micro_20260803_034023_674665/episode_09,81,RIGHT,support_departure,depart_support_platform,normal,0.66871768384336,0.4082981464814715,0.6663203843204044,1.0,0.8
teacher_real_micro_20260803_034023_674665/episode_02,17,LEFT,move,move_toward_safe_platform,normal,teacher_real_micro_20260803_034023_674665/episode_09,82,RIGHT,support_departure,depart_support_platform,normal,0.7718503824656722,0.7128690350320062,0.986817822603639,0.8,0.0
teacher_real_micro_20260803_034023_674665/episode_02,18,LEFT,support_departure,depart_support_platform,normal,teacher_real_micro_20260803_034023_674665/episode_09,83,RIGHT,support_departure,depart_support_platform,normal,0.9255260701578443,1.0568782870711133,0.9416138041732348,0.6,0.6
teacher_real_micro_20260803_034023_674665/episode_02,19,LEFT,support_departure,depart_support_platform,normal,teacher_real_micro_20260803_034023_674665/episode_09,79,RELEASE_ALL,aligned,aligned_with_safe_platform,normal,0.9639640170224882,0.800320662978962,0.9442860907839705,0.4,0.2
teacher_real_micro_20260803_034023_674665/episode_02,20,RELEASE_ALL,brake,direction_change_brake,normal,teacher_real_micro_20260803_034023_674665/episode_03,20,LEFT,support_departure,depart_support_platform,flipping,0.5614585871928427,0.46957068459541784,3.372271648954538,0.6,0.8
teacher_real_micro_20260803_034023_674665/episode_02,21,RIGHT,wall_guard,wall_guard_inward,normal,teacher_real_micro_20260803_034023_674665/episode_03,21,RELEASE_ALL,brake,direction_change_brake,flipping,0.5924592762752102,3.3313438415222056,2.7011668424678232,0.8,0.2
teacher_real_micro_20260803_034023_674665/episode_02,22,RIGHT,support_departure,depart_support_platform,normal,teacher_real_micro_20260803_034023_674665/episode_09,80,RELEASE_ALL,aligned,aligned_with_safe_platform,normal,1.3291807093836956,4.033174012863311,1.8076759575173065,0.2,0.0
teacher_real_micro_20260803_034023_674665/episode_02,23,RIGHT,support_departure,depart_support_platform,normal,teacher_real_micro_20260803_034023_674665/episode_06,37,RELEASE_ALL,aligned,aligned_with_safe_platform,normal,1.2533167144092545,1.1849691276322325,1.5492620937843449,0.2,0.2
teacher_real_micro_20260803_034023_674665/episode_02,24,RIGHT,wall_guard,wall_guard_cooldown,normal,teacher_real_micro_20260803_034023_674665/episode_09,84,RELEASE_ALL,aligned,aligned_with_safe_platform,normal,1.357110169232879,0.962464167095707,1.1816036118947673,0.4,0.4
teacher_real_micro_20260803_034023_674665/episode_02,25,RIGHT,wall_guard,wall_guard_cooldown,normal,teacher_real_micro_20260803_034023_674665/episode_09,85,RELEASE_ALL,aligned,aligned_with_safe_platform,normal,1.3787856017190658,1.1836336657877937,1.1847105807935177,0.6,0.6
teacher_real_micro_20260803_034023_674665/episode_02,26,RIGHT,support_departure,depart_support_platform,flipping,teacher_real_micro_20260803_034023_674665/episode_01,32,RELEASE_ALL,aligned,aligned_with_safe_platform,normal,0.8764338673993443,0.9834376808914744,1.0625119700991121,0.6,0.8
teacher_real_micro_20260803_034023_674665/episode_02,27,RIGHT,support_departure,depart_support_platform,flipping,teacher_real_micro_20260803_034023_674665/episode_01,33,LEFT,support_departure,depart_support_platform,flipping,1.0051942769457685,1.1155347409631762,0.9008442339406095,0.8,0.4
teacher_real_micro_20260803_034023_674665/episode_02,28,RIGHT,support_departure,depart_support_platform,flipping,teacher_real_micro_20260803_034023_674665/episode_06,61,RELEASE_ALL,aligned,aligned_with_safe_platform,normal,1.1817127871837065,0.8111162542541089,1.5746110353060077,0.6,0.6
teacher_real_micro_20260803_034023_674665/episode_02,29,RIGHT,support_departure,depart_support_platform,flipping,teacher_real_micro_20260803_034023_674665/episode_06,62,RELEASE_ALL,aligned,aligned_with_safe_platform,normal,1.3074910166685707,1.6180589819837001,1.9039545907534792,0.8,0.8
teacher_real_micro_20260803_034023_674665/episode_02,30,RELEASE_ALL,aligned,aligned_with_deeper_safe_platform,flipping,teacher_real_micro_20260803_034023_674665/episode_09,90,LEFT,support_departure,depart_support_platform,flipping,1.39065309062971,1.419032662264116,1.6947281444675601,0.2,0.4
teacher_real_micro_20260803_034023_674665/episode_02,31,RELEASE_ALL,aligned,aligned_with_deeper_safe_platform,flipping,teacher_real_micro_20260803_034023_674665/episode_03,13,LEFT,support_departure,depart_support_platform,flipping,1.498112840630753,1.1972820093647711,1.5870577423428442,0.4,0.2
teacher_real_micro_20260803_034023_674665/episode_02,32,LEFT,support_departure,depart_support_platform,normal,teacher_real_micro_20260803_034023_674665/episode_04,10,RELEASE_ALL,aligned,aligned_with_safe_platform,normal,1.4135191416224513,1.0473375317040068,1.6628909703438937,0.4,0.4
teacher_real_micro_20260803_034023_674665/episode_02,33,RELEASE_ALL,aligned,aligned_with_deeper_safe_platform,normal,teacher_real_micro_20260803_034023_674665/episode_06,40,LEFT,support_departure,depart_support_platform,normal,1.0108219135497236,1.0064515541634087,1.4773241428774861,1.0,1.0
teacher_real_micro_20260803_034023_674665/episode_02,34,LEFT,support_departure,depart_support_platform,normal,teacher_real_micro_20260803_034023_674665/episode_06,41,RELEASE_ALL,aligned,aligned_with_safe_platform,normal,1.1104839060753557,1.5151470845271837,1.4738335499338038,0.4,0.8
teacher_real_micro_20260803_034023_674665/episode_02,35,RELEASE_ALL,aligned,aligned_with_safe_platform,normal,teacher_real_micro_20260803_034023_674665/episode_06,50,LEFT,support_departure,depart_support_platform,normal,1.2053650596120644,1.4565499763941998,1.3462997362671563,0.6,0.8
teacher_real_micro_20260803_034023_674665/episode_02,36,RELEASE_ALL,aligned,aligned_with_safe_platform,normal,teacher_real_micro_20260803_034023_674665/episode_01,15,LEFT,support_departure,depart_support_platform,normal,1.1897703192708935,0.9021442983173827,1.3446999870473046,0.8,0.8
teacher_real_micro_20260803_034023_674665/episode_02,37,RELEASE_ALL,aligned,aligned_with_visible_safe_platform,normal,teacher_real_micro_20260803_034023_674665/episode_04,11,LEFT,support_departure,depart_support_platform,normal,1.0846685107479497,0.7886192504886296,1.245669912497022,1.0,1.0
teacher_real_micro_20260803_034023_674665/episode_02,38,LEFT,support_departure,depart_support_platform,normal,teacher_real_micro_20260803_034023_674665/episode_01,10,RIGHT,support_departure,depart_support_platform,normal,1.0814671581933994,1.2490086047025137,0.8887967129927122,0.4,0.8
teacher_real_micro_20260803_034023_674665/episode_02,39,RELEASE_ALL,aligned,aligned_with_safe_platform,normal,teacher_real_micro_20260803_034023_674665/episode_01,17,LEFT,support_departure,depart_support_platform,normal,0.7328931153217259,0.5523820803085716,1.0101114355698746,0.6,1.0
teacher_real_micro_20260803_034023_674665/episode_02,40,RELEASE_ALL,aligned,aligned_with_safe_platform,normal,teacher_real_micro_20260803_034023_674665/episode_10,16,LEFT,support_departure,depart_support_platform,normal,0.7801003852971384,1.047646386612862,1.0521549704201778,0.4,0.2
teacher_real_micro_20260803_034023_674665/episode_02,41,RELEASE_ALL,aligned,aligned_with_safe_platform,normal,teacher_real_micro_20260803_034023_674665/episode_04,15,LEFT,support_departure,depart_support_platform,normal,0.7095339785232809,0.35748198052849045,0.8517208112784015,0.4,0.6
teacher_real_micro_20260803_034023_674665/episode_02,42,RELEASE_ALL,aligned,aligned_with_visible_safe_platform,normal,teacher_real_micro_20260803_034023_674665/episode_04,15,LEFT,support_departure,depart_support_platform,normal,0.7949012507080997,0.40692682074573217,0.9144532848496629,0.8,0.6
teacher_real_micro_20260803_034023_674665/episode_02,43,RELEASE_ALL,aligned,aligned_with_visible_safe_platform,normal,teacher_real_micro_20260803_034023_674665/episode_05,9,LEFT,launch,escape_launch_platform_dwell,normal,0.8908901584514705,0.5337301785640625,2.341228589738337,0.8,0.2
teacher_real_micro_20260803_034023_674665/episode_02,44,RELEASE_ALL,aligned,aligned_with_visible_safe_platform,normal,teacher_real_micro_20260803_034023_674665/episode_05,9,LEFT,launch,escape_launch_platform_dwell,normal,0.9935478363647733,0.5245411760770409,2.5566851779682582,0.6,0.6
teacher_real_micro_20260803_034023_674665/episode_02,45,RIGHT,support_departure,depart_support_platform,normal,teacher_real_micro_20260803_034023_674665/episode_05,9,LEFT,launch,escape_launch_platform_dwell,normal,0.7894352736433192,0.4048144351528679,2.2629818819919256,0.8,0.8
teacher_real_micro_20260803_034023_674665/episode_02,46,RIGHT,support_departure,depart_support_platform,normal,teacher_real_micro_20260803_034023_674665/episode_08,20,LEFT,support_departure,depart_support_platform,normal,0.7783781309857684,0.5408390228493241,0.5328596350857582,0.8,0.2
teacher_real_micro_20260803_034023_674665/episode_02,47,RIGHT,support_departure,depart_support_platform,normal,teacher_real_micro_20260803_034023_674665/episode_08,21,RELEASE_ALL,brake,direction_change_brake,normal,0.956811983981235,0.6204071655922635,1.5001428846958582,0.8,0.6
teacher_real_micro_20260803_034023_674665/episode_02,48,RIGHT,support_departure,depart_support_platform,normal,teacher_real_micro_20260803_034023_674665/episode_10,9,RELEASE_ALL,aligned,aligned_with_safe_platform,normal,0.8778330346304775,0.4495251538812105,1.1802557448711823,0.6,0.6
teacher_real_micro_20260803_034023_674665/episode_02,49,RELEASE_ALL,aligned,aligned_with_safe_platform,normal,teacher_real_micro_20260803_034023_674665/episode_06,60,RIGHT,support_departure,depart_support_platform,normal,0.9747371445266552,0.5223856869075825,1.2478091389510615,0.2,0.4
teacher_real_micro_20260803_034023_674665/episode_02,50,LEFT,move,move_toward_safe_platform,normal,teacher_real_micro_20260803_034023_674665/episode_01,13,RELEASE_ALL,aligned,aligned_with_safe_platform,normal,1.0146916512170046,0.508697130356659,0.7021250684679099,0.8,0.6
teacher_real_micro_20260803_034023_674665/episode_02,51,RELEASE_ALL,aligned,aligned_with_safe_platform,normal,teacher_real_micro_20260803_034023_674665/episode_09,118,LEFT,special_escape,escape_special_contact,spikes,0.9426052883166409,2.1302430631387197,2.1981150598739103,0.8,0.6
teacher_real_micro_20260803_034023_674665/episode_02,52,LEFT,support_departure,depart_support_platform,flipping,teacher_real_micro_20260803_034023_674665/episode_01,32,RELEASE_ALL,aligned,aligned_with_safe_platform,normal,1.1574493948121205,0.6103979006259522,1.188285206658248,0.6,0.4
teacher_real_micro_20260803_034023_674665/episode_02,55,RELEASE_ALL,aligned,aligned_with_safe_platform,flipping,teacher_real_micro_20260803_034023_674665/episode_01,35,LEFT,support_departure,depart_support_platform,flipping,0.7338748459732717,0.37296713479183485,1.064087412212344,0.8,0.8
teacher_real_micro_20260803_034023_674665/episode_02,56,RELEASE_ALL,aligned,aligned_with_safe_platform,flipping,teacher_real_micro_20260803_034023_674665/episode_01,35,LEFT,support_departure,depart_support_platform,flipping,0.8784802224148269,1.1142149195994253,1.134784015520463,0.6,0.4
teacher_real_micro_20260803_034023_674665/episode_02,57,RIGHT,support_departure,depart_support_platform,normal,teacher_real_micro_20260803_034023_674665/episode_01,37,LEFT,support_departure,depart_support_platform,spring,0.7561980795465598,0.4064831001904784,0.9087691716856952,0.8,1.0
teacher_real_micro_20260803_034023_674665/episode_02,58,RELEASE_ALL,aligned,aligned_with_safe_platform,normal,teacher_real_micro_20260803_034023_674665/episode_09,114,RIGHT,support_departure,depart_support_platform,normal,1.019660465079251,1.109420292225804,0.978441359742335,0.8,1.0
teacher_real_micro_20260803_034023_674665/episode_02,59,RIGHT,support_departure,depart_support_platform,normal,teacher_real_micro_20260803_034023_674665/episode_09,8,RELEASE_ALL,brake,direction_change_brake,spikes,1.047825520949682,0.774624151374369,2.8736115773599438,0.8,1.0
teacher_real_micro_20260803_034023_674665/episode_02,60,RELEASE_ALL,aligned,aligned_with_safe_platform,normal,teacher_real_micro_20260803_034023_674665/episode_07,31,LEFT,move,move_toward_safe_platform,normal,1.3209427515357617,1.390252625225311,0.9470770358567573,0.2,1.0
teacher_real_micro_20260803_034023_674665/episode_02,61,RELEASE_ALL,aligned,aligned_with_visible_safe_platform,normal,teacher_real_micro_20260803_034023_674665/episode_09,102,LEFT,move,move_toward_safe_platform,normal,1.3748245241600858,0.6933634793567461,0.9938178871020013,0.6,0.6
teacher_real_micro_20260803_034023_674665/episode_02,62,RELEASE_ALL,aligned,aligned_with_visible_safe_platform,normal,teacher_real_micro_20260803_034023_674665/episode_09,43,LEFT,support_departure,depart_support_platform,normal,1.2373360741194828,0.8670096651244866,1.254978769950613,1.0,1.0
teacher_real_micro_20260803_034023_674665/episode_02,63,RELEASE_ALL,aligned,aligned_with_visible_safe_platform,normal,teacher_real_micro_20260803_034023_674665/episode_09,44,LEFT,support_departure,depart_support_platform,normal,1.0547775546086424,1.152847347658253,1.38134955254705,1.0,0.6
teacher_real_micro_20260803_034023_674665/episode_02,64,LEFT,support_departure,depart_support_platform,normal,teacher_real_micro_20260803_034023_674665/episode_09,6,RIGHT,support_departure,depart_support_platform,normal,0.8933649170628931,0.5565551374087304,0.6220999078371066,0.6,0.8
teacher_real_micro_20260803_034023_674665/episode_02,65,LEFT,support_departure,depart_support_platform,normal,teacher_real_micro_20260803_034023_674665/episode_08,21,RELEASE_ALL,brake,direction_change_brake,normal,0.7434795461106216,0.5657135416847673,1.310215840588107,0.4,0.2
teacher_real_micro_20260803_034023_674665/episode_02,66,LEFT,support_departure,depart_support_platform,normal,teacher_real_micro_20260803_034023_674665/episode_08,21,RELEASE_ALL,brake,direction_change_brake,normal,0.6829666053514563,0.37791466266819024,1.264786720492061,0.8,0.4
teacher_real_micro_20260803_034023_674665/episode_02,67,RELEASE_ALL,aligned,aligned_with_safe_platform,normal,teacher_real_micro_20260803_034023_674665/episode_09,21,LEFT,support_departure,depart_support_platform,normal,0.7672530342369872,0.4628312536347565,1.080651082693295,0.6,0.2
teacher_real_micro_20260803_034023_674665/episode_02,68,RELEASE_ALL,aligned,aligned_with_safe_platform,normal,teacher_real_micro_20260803_034023_674665/episode_08,22,RIGHT,special_escape,escape_special_contact,spikes,0.8193114694314974,0.905531732150637,1.9333127660714653,0.4,0.2
teacher_real_micro_20260803_034023_674665/episode_02,69,RELEASE_ALL,aligned,aligned_with_safe_platform,normal,teacher_real_micro_20260803_034023_674665/episode_01,9,RIGHT,support_departure,depart_support_platform,normal,0.9635155704201676,0.4829509627740278,1.0092008013657354,0.4,0.6
teacher_real_micro_20260803_034023_674665/episode_02,70,RELEASE_ALL,aligned,aligned_with_safe_platform,normal,teacher_real_micro_20260803_034023_674665/episode_09,76,LEFT,support_departure,depart_support_platform,normal,0.8484232482260123,0.5418678293200287,1.0267773445293233,0.6,0.6
teacher_real_micro_20260803_034023_674665/episode_02,71,LEFT,support_departure,depart_support_platform,normal,teacher_real_micro_20260803_034023_674665/episode_01,108,RELEASE_ALL,aligned,aligned_with_visible_safe_platform,normal,0.8949528467197866,0.597357374440131,1.0097046309901283,0.8,0.6
teacher_real_micro_20260803_034023_674665/episode_02,72,RELEASE_ALL,aligned,aligned_with_safe_platform,normal,teacher_real_micro_20260803_034023_674665/episode_09,44,LEFT,support_departure,depart_support_platform,normal,0.8068631463034034,0.4543299412230794,1.037385876853118,1.0,1.0
teacher_real_micro_20260803_034023_674665/episode_02,73,RELEASE_ALL,aligned,aligned_with_safe_platform,normal,teacher_real_micro_20260803_034023_674665/episode_09,16,RIGHT,support_departure,depart_support_platform,normal,0.890090607962029,1.0868954235151205,1.09365450648705,0.8,0.4
teacher_real_micro_20260803_034023_674665/episode_02,74,RELEASE_ALL,aligned,aligned_with_visible_safe_platform,normal,teacher_real_micro_20260803_034023_674665/episode_06,6,LEFT,support_departure,depart_support_platform,spring,0.9408442749920632,1.2258881522875678,1.3216421259077646,0.6,0.2
teacher_real_micro_20260803_034023_674665/episode_02,75,RELEASE_ALL,aligned,aligned_with_visible_safe_platform,normal,teacher_real_micro_20260803_034023_674665/episode_09,114,RIGHT,support_departure,depart_support_platform,normal,0.8559240307706052,0.42951729567441227,0.9414551712840287,0.6,0.4
teacher_real_micro_20260803_034023_674665/episode_02,76,RELEASE_ALL,aligned,aligned_with_visible_safe_platform,normal,teacher_real_micro_20260803_034023_674665/episode_09,51,RIGHT,support_departure,depart_support_platform,normal,0.7707507426794838,0.9380513731934845,1.1393971956542894,0.8,0.6
teacher_real_micro_20260803_034023_674665/episode_02,77,RELEASE_ALL,aligned,aligned_with_visible_safe_platform,normal,teacher_real_micro_20260803_034023_674665/episode_09,52,RIGHT,support_departure,depart_support_platform,normal,0.5731135378645571,1.026542108435792,1.1896655976677775,0.6,1.0
teacher_real_micro_20260803_034023_674665/episode_02,78,RIGHT,launch,escape_launch_platform_dwell,normal,teacher_real_micro_20260803_034023_674665/episode_09,53,RELEASE_ALL,recovery,aligned_with_recovery_platform,normal,0.800042105483558,1.2863881595681792,2.0495275735070035,0.6,0.6
teacher_real_micro_20260803_034023_674665/episode_02,79,RELEASE_ALL,aligned,aligned_with_visible_safe_platform,normal,teacher_real_micro_20260803_034023_674665/episode_09,51,RIGHT,support_departure,depart_support_platform,normal,0.8891225047785849,2.0372101618765543,1.9718457188332397,0.4,0.8
teacher_real_micro_20260803_034023_674665/episode_02,80,RIGHT,launch,escape_launch_platform,launch_platform,teacher_real_micro_20260803_034023_674665/episode_09,116,RELEASE_ALL,aligned,aligned_with_safe_platform,normal,0.5992430522226087,1.7390547574762554,2.358398901160669,0.4,0.4
teacher_real_micro_20260803_034023_674665/episode_02,81,RIGHT,move,move_toward_safe_platform,normal,teacher_real_micro_20260803_034023_674665/episode_09,116,RELEASE_ALL,aligned,aligned_with_safe_platform,normal,0.6320555285030101,2.146467723873182,0.5232351947030333,0.8,0.6
teacher_real_micro_20260803_034023_674665/episode_02,82,RELEASE_ALL,aligned,aligned_with_safe_platform,normal,teacher_real_micro_20260803_034023_674665/episode_09,63,RIGHT,recovery,move_toward_recovery_platform,normal,0.7441964773236565,0.711501432406253,0.7097630442659741,0.8,0.4
teacher_real_micro_20260803_034023_674665/episode_02,83,RELEASE_ALL,aligned,aligned_with_safe_platform,normal,teacher_real_micro_20260803_034023_674665/episode_09,117,LEFT,special_escape,escape_special_contact,spikes,0.4542872504592239,0.27252835323873714,1.9569722652747195,0.4,0.2
teacher_real_micro_20260803_034023_674665/episode_02,84,RELEASE_ALL,recovery,aligned_with_recovery_platform,normal,teacher_real_micro_20260803_034023_674665/episode_09,118,LEFT,special_escape,escape_special_contact,spikes,0.8507327948430866,2.121537012824147,2.144572453986243,1.0,0.6
teacher_real_micro_20260803_034023_674665/episode_02,85,RELEASE_ALL,recovery,aligned_with_recovery_platform,normal,teacher_real_micro_20260803_034023_674665/episode_09,119,LEFT,special_escape,escape_special_contact,spikes,1.029881994362098,2.2012312521830597,2.7495720753285156,1.0,1.0
teacher_real_micro_20260803_034023_674665/episode_02,86,RELEASE_ALL,recovery,aligned_with_recovery_platform,normal,teacher_real_micro_20260803_034023_674665/episode_09,27,RIGHT,special_escape,escape_special_contact,spikes,7.4109466011260325,5.388030158713398,5.5823338883545555,0.8,0.8
teacher_real_micro_20260803_034023_674665/episode_02,87,LEFT,launch,escape_launch_platform_dwell,normal,teacher_real_micro_20260803_034023_674665/episode_09,28,RIGHT,special_escape,escape_special_contact,spikes,7.510400308500599,5.595839984520111,6.708282784721695,1.0,0.8
teacher_real_micro_20260803_034023_674665/episode_02,88,LEFT,launch,escape_launch_platform,launch_platform,teacher_real_micro_20260803_034023_674665/episode_09,28,RIGHT,special_escape,escape_special_contact,spikes,7.495338829093736,6.5935382958831,6.737237998670018,1.0,0.4
teacher_real_micro_20260803_034023_674665/episode_02,89,LEFT,launch,escape_launch_platform,launch_platform,teacher_real_micro_20260803_034023_674665/episode_09,28,RIGHT,special_escape,escape_special_contact,spikes,7.511593585291906,6.642434194880131,7.284015453536428,0.8,0.4
teacher_real_micro_20260803_034023_674665/episode_02,90,RELEASE_ALL,brake,direction_change_brake,normal,teacher_real_micro_20260803_034023_674665/episode_09,125,RIGHT,special_escape,escape_special_contact,spikes,1.2620597770034825,5.632034712062403,4.311916149294504,0.6,0.8
teacher_real_micro_20260803_034023_674665/episode_02,91,RIGHT,recovery,move_toward_recovery_platform,normal,teacher_real_micro_20260803_034023_674665/episode_09,30,RELEASE_ALL,recovery,aligned_with_recovery_platform,normal,1.368366807547704,1.3283732832972868,0.8664550956514706,0.4,0.0
teacher_real_micro_20260803_034023_674665/episode_02,92,RIGHT,recovery,move_toward_recovery_platform,normal,teacher_real_micro_20260803_034023_674665/episode_09,35,RELEASE_ALL,recovery,aligned_with_recovery_platform,normal,1.2775559995543606,1.351743963485258,0.8234678526942709,0.8,1.0
teacher_real_micro_20260803_034023_674665/episode_02,93,RIGHT,special_escape,escape_special_contact,spring,teacher_real_micro_20260803_034023_674665/episode_09,13,RELEASE_ALL,recovery,aligned_with_recovery_platform,normal,1.2325478261525804,0.7631904258560114,3.962875040712043,0.4,0.6
teacher_real_micro_20260803_034023_674665/episode_02,94,RIGHT,special_escape,escape_special_contact,spring,teacher_real_micro_20260803_034023_674665/episode_09,32,LEFT,support_departure,depart_support_platform,normal,1.1362611020397677,3.7894901798582414,3.7685687801016368,1.0,0.6
teacher_real_micro_20260803_034023_674665/episode_02,95,RELEASE_ALL,recovery,aligned_with_recovery_platform,normal,teacher_real_micro_20260803_034023_674665/episode_09,10,LEFT,special_escape,escape_special_contact,spikes,1.3393980007790354,3.596230876134795,4.03663727779936,0.4,0.4
teacher_real_micro_20260803_034023_674665/episode_02,96,RELEASE_ALL,recovery,aligned_with_recovery_platform,normal,teacher_real_micro_20260803_034023_674665/episode_01,60,LEFT,special_escape,escape_special_contact,spring,1.3796985651191924,2.9810249068169843,2.723295143336143,0.4,0.0
teacher_real_micro_20260803_034023_674665/episode_02,97,RELEASE_ALL,recovery,aligned_with_recovery_platform,normal,teacher_real_micro_20260803_034023_674665/episode_01,61,LEFT,special_escape,escape_special_contact,spring,1.490470358532837,2.740352613092476,3.162660588155826,0.2,0.2
teacher_real_micro_20260803_034023_674665/episode_02,98,RELEASE_ALL,recovery,aligned_with_recovery_platform,normal,teacher_real_micro_20260803_034023_674665/episode_01,97,RIGHT,support_departure,depart_support_platform,normal,1.0967734051317626,0.6733400356656519,1.189125724285494,0.6,0.8
teacher_real_micro_20260803_034023_674665/episode_02,99,LEFT,support_departure,depart_support_platform,flipping,teacher_real_micro_20260803_034023_674665/episode_01,98,RIGHT,support_departure,depart_support_platform,normal,1.1189513806245135,1.1898546163025008,1.0723206472157143,0.2,0.0
teacher_real_micro_20260803_034023_674665/episode_02,101,LEFT,support_departure,depart_support_platform,flipping,teacher_real_micro_20260803_034023_674665/episode_01,36,RELEASE_ALL,aligned,aligned_with_safe_platform,flipping,0.8186550072661103,0.47824929811444056,1.1371808683197862,0.2,0.2
teacher_real_micro_20260803_034023_674665/episode_02,102,LEFT,recovery,move_toward_recovery_platform,normal,teacher_real_micro_20260803_034023_674665/episode_01,105,RELEASE_ALL,aligned,aligned_with_safe_platform,normal,0.7438901966632729,0.5673919830076021,0.6639355502044915,0.2,0.2
teacher_real_micro_20260803_034023_674665/episode_02,103,LEFT,support_departure,depart_support_platform,normal,teacher_real_micro_20260803_034023_674665/episode_01,106,RELEASE_ALL,aligned,aligned_with_safe_platform,normal,0.8064324425980444,0.6928298883898472,1.0741149174847413,0.2,0.6
teacher_real_micro_20260803_034023_674665/episode_02,104,LEFT,support_departure,depart_support_platform,normal,teacher_real_micro_20260803_034023_674665/episode_01,38,RELEASE_ALL,aligned,aligned_with_safe_platform,spring,0.9543296144146036,0.8981348335617142,1.3712547533516217,0.2,0.2
teacher_real_micro_20260803_034023_674665/episode_02,105,RELEASE_ALL,recovery,aligned_with_recovery_platform,normal,teacher_real_micro_20260803_034023_674665/episode_09,21,LEFT,support_departure,depart_support_platform,normal,0.9380560656083279,0.7283229343494486,1.1322180993609674,0.8,0.8
teacher_real_micro_20260803_034023_674665/episode_02,106,RIGHT,support_departure,depart_support_platform,normal,teacher_real_micro_20260803_034023_674665/episode_03,16,LEFT,move,move_toward_safe_platform,flipping,1.233040513807199,0.9384788551924457,1.1927738269721027,0.6,1.0
teacher_real_micro_20260803_034023_674665/episode_02,107,RIGHT,support_departure,depart_support_platform,normal,teacher_real_micro_20260803_034023_674665/episode_01,75,RELEASE_ALL,aligned,aligned_with_visible_safe_platform,normal,1.0491442356323744,1.0507858266107015,1.1165703602659542,0.8,0.0
teacher_real_micro_20260803_034023_674665/episode_02,108,RELEASE_ALL,recovery,aligned_with_recovery_platform,normal,teacher_real_micro_20260803_034023_674665/episode_01,111,RIGHT,support_departure,depart_support_platform,flipping,1.2239549676453036,0.8501630241354059,1.4371142386299853,0.2,0.4
teacher_real_micro_20260803_034023_674665/episode_02,109,RELEASE_ALL,recovery,aligned_with_recovery_platform,normal,teacher_real_micro_20260803_034023_674665/episode_06,29,LEFT,support_departure,depart_support_platform,normal,1.4462493937675778,1.4050553377650372,1.4311284708612524,0.8,0.2
teacher_real_micro_20260803_034023_674665/episode_02,110,RIGHT,support_departure,depart_support_platform,normal,teacher_real_micro_20260803_034023_674665/episode_06,39,LEFT,support_departure,depart_support_platform,normal,1.1978601592936464,0.7290640103703583,0.7747530568034496,0.8,0.6
teacher_real_micro_20260803_034023_674665/episode_02,111,RIGHT,support_departure,depart_support_platform,normal,teacher_real_micro_20260803_034023_674665/episode_09,20,LEFT,support_departure,depart_support_platform,normal,1.1306956217511486,0.765870716277177,0.7558927469618255,0.2,0.0
teacher_real_micro_20260803_034023_674665/episode_02,112,RIGHT,support_departure,depart_support_platform,normal,teacher_real_micro_20260803_034023_674665/episode_09,84,RELEASE_ALL,aligned,aligned_with_safe_platform,normal,0.8395711695221177,0.4494616157262449,1.0160013564759542,0.8,0.6
teacher_real_micro_20260803_034023_674665/episode_02,113,RELEASE_ALL,aligned,aligned_with_safe_platform,normal,teacher_real_micro_20260803_034023_674665/episode_07,23,LEFT,move,move_toward_safe_platform,normal,0.7276022940391532,1.3757399438685562,0.5729418093072199,0.6,0.2
teacher_real_micro_20260803_034023_674665/episode_02,114,RELEASE_ALL,aligned,aligned_with_safe_platform,normal,teacher_real_micro_20260803_034023_674665/episode_09,86,RIGHT,support_departure,depart_support_platform,normal,0.6881403122526396,0.39374188303076924,0.8231401924347509,0.4,0.2
teacher_real_micro_20260803_034023_674665/episode_02,115,RELEASE_ALL,aligned,aligned_with_safe_platform,normal,teacher_real_micro_20260803_034023_674665/episode_01,28,RIGHT,support_departure,depart_support_platform,normal,0.8374425797627408,0.42179591078054357,0.9763814538148983,0.8,0.6
teacher_real_micro_20260803_034023_674665/episode_02,116,LEFT,support_departure,depart_support_platform,spring,teacher_real_micro_20260803_034023_674665/episode_09,88,RELEASE_ALL,aligned,aligned_with_safe_platform,normal,1.0517539792606245,1.1772483373735725,1.3032702069288828,0.8,0.6
teacher_real_micro_20260803_034023_674665/episode_02,117,LEFT,support_departure,depart_support_platform,spring,teacher_real_micro_20260803_034023_674665/episode_01,68,RELEASE_ALL,recovery,aligned_with_recovery_platform,normal,1.0273964993073428,1.0636872258560626,1.5088820741268822,0.2,0.0
teacher_real_micro_20260803_034023_674665/episode_02,118,LEFT,support_departure,depart_support_platform,spring,teacher_real_micro_20260803_034023_674665/episode_08,31,RELEASE_ALL,recovery,aligned_with_recovery_platform,normal,0.7935257489400086,0.8397453476953362,1.3749836970349778,0.8,0.4
teacher_real_micro_20260803_034023_674665/episode_02,119,RELEASE_ALL,aligned,aligned_with_safe_platform,spring,teacher_real_micro_20260803_034023_674665/episode_08,32,RIGHT,recovery,move_toward_recovery_platform,normal,0.7453222146948375,1.3339959886112551,0.7650432238639757,0.6,0.6
teacher_real_micro_20260803_034023_674665/episode_02,120,RIGHT,special_escape,escape_special_contact,spring,teacher_real_micro_20260803_034023_674665/episode_08,33,RELEASE_ALL,recovery,aligned_with_recovery_platform,normal,0.7732727446813811,0.7732537960630441,2.0065240699993274,0.8,0.6
teacher_real_micro_20260803_034023_674665/episode_02,121,RIGHT,special_escape,escape_special_contact,spring,teacher_real_micro_20260803_034023_674665/episode_01,107,RELEASE_ALL,aligned,aligned_with_visible_safe_platform,normal,0.7952805985271099,1.9552434100983982,2.001897913106696,0.4,0.2
teacher_real_micro_20260803_034023_674665/episode_02,123,RIGHT,special_escape,escape_special_contact,spring,teacher_real_micro_20260803_034023_674665/episode_08,36,RELEASE_ALL,brake,direction_change_brake,normal,1.065907842343521,2.0431718147609845,2.661429405472493,0.2,0.4
teacher_real_micro_20260803_034023_674665/episode_02,124,RIGHT,special_escape,escape_special_contact,spring,teacher_real_micro_20260803_034023_674665/episode_01,95,RELEASE_ALL,aligned,aligned_with_safe_platform,normal,0.867033080160072,1.4452349496563843,3.7711738590441195,0.6,0.6
teacher_real_micro_20260803_034023_674665/episode_02,125,RELEASE_ALL,aligned,aligned_with_safe_platform,normal,teacher_real_micro_20260803_034023_674665/episode_09,61,RIGHT,recovery,move_toward_recovery_platform,normal,1.1659727554331298,4.472066220666539,1.224413755999414,0.6,0.6
teacher_real_micro_20260803_034023_674665/episode_02,126,RIGHT,support_departure,depart_support_platform,normal,teacher_real_micro_20260803_034023_674665/episode_06,40,LEFT,support_departure,depart_support_platform,normal,1.0940812453852058,1.289300115652947,1.1169354073926647,0.8,0.6
teacher_real_micro_20260803_034023_674665/episode_02,127,RELEASE_ALL,brake,direction_change_brake,normal,teacher_real_micro_20260803_034023_674665/episode_01,98,RIGHT,support_departure,depart_support_platform,normal,0.8484645252133197,0.6639232203479399,4.580498839789088,1.0,1.0
teacher_real_micro_20260803_034023_674665/episode_02,128,LEFT,wall_guard,wall_guard_inward,normal,teacher_real_micro_20260803_034023_674665/episode_06,41,RELEASE_ALL,aligned,aligned_with_safe_platform,normal,0.7313532819261723,4.422806000920217,4.251597616565452,0.4,0.6
teacher_real_micro_20260803_034023_674665/episode_02,129,LEFT,wall_guard,wall_guard_inward,normal,teacher_real_micro_20260803_034023_674665/episode_06,41,RELEASE_ALL,aligned,aligned_with_safe_platform,normal,0.7649733178689916,3.6517459173959854,4.596856298575001,0.2,0.8
teacher_real_micro_20260803_034023_674665/episode_02,130,LEFT,support_departure,depart_support_platform,normal,teacher_real_micro_20260803_034023_674665/episode_06,41,RELEASE_ALL,aligned,aligned_with_safe_platform,normal,0.7872690391374222,3.961240029789117,1.7844237442980857,0.6,0.8
teacher_real_micro_20260803_034023_674665/episode_02,131,LEFT,move,move_toward_deeper_safe_platform,normal,teacher_real_micro_20260803_034023_674665/episode_06,42,RELEASE_ALL,aligned,aligned_with_safe_platform,normal,0.7520940327076044,1.7471191182531212,1.1048036463518554,0.8,0.6
teacher_real_micro_20260803_034023_674665/episode_02,132,RELEASE_ALL,aligned,aligned_with_deeper_safe_platform,normal,teacher_real_micro_20260803_034023_674665/episode_06,43,RIGHT,support_departure,depart_support_platform,normal,1.0548223390300497,1.252016451811981,1.294523402950314,0.2,0.6
teacher_real_micro_20260803_034023_674665/episode_02,133,LEFT,wall_guard,wall_guard_cooldown,spikes,teacher_real_micro_20260803_034023_674665/episode_06,43,RIGHT,support_departure,depart_support_platform,normal,1.0919052145955594,0.8974192385532627,2.65410575703607,0.8,0.8
teacher_real_micro_20260803_034023_674665/episode_02,134,RELEASE_ALL,brake,direction_change_brake,spikes,teacher_real_micro_20260803_034023_674665/episode_06,43,RIGHT,support_departure,depart_support_platform,normal,1.131779837529299,2.5706921504512192,2.800631667389796,0.6,0.8
teacher_real_micro_20260803_034023_674665/episode_02,135,RIGHT,special_escape,escape_special_contact,spikes,teacher_real_micro_20260803_034023_674665/episode_06,39,LEFT,support_departure,depart_support_platform,normal,1.1076617119830605,2.7156599371214574,2.475606477851838,0.8,0.4
teacher_real_micro_20260803_034023_674665/episode_02,136,RIGHT,special_escape,escape_special_contact,spikes,teacher_real_micro_20260803_034023_674665/episode_06,39,LEFT,support_departure,depart_support_platform,normal,0.9849372146596787,2.363907169604086,2.8811871164961644,0.8,0.2
teacher_real_micro_20260803_034023_674665/episode_02,137,RELEASE_ALL,brake,direction_change_brake,spikes,teacher_real_micro_20260803_034023_674665/episode_06,55,RIGHT,move,move_toward_safe_platform,normal,0.9362704870768285,2.3932127539586245,4.355391962979365,0.4,0.4
teacher_real_micro_20260803_034023_674665/episode_02,138,LEFT,special_escape,escape_special_contact,spikes,teacher_real_micro_20260803_034023_674665/episode_06,41,RELEASE_ALL,aligned,aligned_with_safe_platform,normal,1.0513346054437105,4.575074239787549,3.160188225374239,1.0,0.4
teacher_real_micro_20260803_034023_674665/episode_02,139,LEFT,special_escape,escape_special_contact,spikes,teacher_real_micro_20260803_034023_674665/episode_06,42,RELEASE_ALL,aligned,aligned_with_safe_platform,normal,1.1301096479321486,3.1554790015991117,3.267821052077989,0.8,0.6
teacher_real_micro_20260803_034023_674665/episode_02,140,LEFT,special_escape,escape_special_contact,spikes,teacher_real_micro_20260803_034023_674665/episode_06,41,RELEASE_ALL,aligned,aligned_with_safe_platform,normal,1.0572605671575586,3.052610776174968,3.2971899549882,0.6,0.6
teacher_real_micro_20260803_034023_674665/episode_02,141,LEFT,move,move_toward_deeper_safe_platform,spring,teacher_real_micro_20260803_034023_674665/episode_06,42,RELEASE_ALL,aligned,aligned_with_safe_platform,normal,1.0580735533464276,3.2509600552737195,1.198737758323988,0.8,0.6
teacher_real_micro_20260803_034023_674665/episode_02,142,RELEASE_ALL,brake,direction_change_brake,normal,teacher_real_micro_20260803_034023_674665/episode_06,43,RIGHT,support_departure,depart_support_platform,normal,0.9143144833342102,1.124632386511714,1.5377489769110158,0.4,0.4
teacher_real_micro_20260803_034023_674665/episode_02,143,RELEASE_ALL,recovery,aligned_with_recovery_platform,normal,teacher_real_micro_20260803_034023_674665/episode_06,43,RIGHT,support_departure,depart_support_platform,normal,0.8284508601270385,1.2230210840682367,1.1274357366192267,0.6,0.8
teacher_real_micro_20260803_034023_674665/episode_02,144,RIGHT,launch,escape_launch_platform,normal,teacher_real_micro_20260803_034023_674665/episode_06,45,RELEASE_ALL,aligned,aligned_with_safe_platform,normal,0.9536919784592691,1.3077506884809111,2.458869302789215,0.2,0.4
teacher_real_micro_20260803_034023_674665/episode_02,145,RIGHT,support_departure,depart_support_platform,normal,teacher_real_micro_20260803_034023_674665/episode_06,45,RELEASE_ALL,aligned,aligned_with_safe_platform,normal,1.069307116127273,2.3034018290585796,1.035703654813056,0.4,0.6
teacher_real_micro_20260803_034023_674665/episode_02,146,RIGHT,support_departure,depart_support_platform,normal,teacher_real_micro_20260803_034023_674665/episode_01,31,RELEASE_ALL,aligned,aligned_with_safe_platform,normal,1.1032468804758073,0.7223653375214634,1.5487822975244239,0.2,0.2
teacher_real_micro_20260803_034023_674665/episode_02,147,RIGHT,support_departure,depart_support_platform,normal,teacher_real_micro_20260803_034023_674665/episode_09,62,RELEASE_ALL,aligned,aligned_with_deeper_safe_platform,normal,1.1103720927682459,1.559216050547093,1.3743405147631904,0.8,0.6
teacher_real_micro_20260803_034023_674665/episode_02,148,RIGHT,move,move_toward_deeper_safe_platform,normal,teacher_real_micro_20260803_034023_674665/episode_09,54,LEFT,recovery,move_toward_recovery_platform,normal,1.3651174428894175,1.6158137522212015,1.2873037562239569,0.8,1.0
teacher_real_micro_20260803_034023_674665/episode_02,149,RELEASE_ALL,aligned,aligned_with_deeper_safe_platform,normal,teacher_real_micro_20260803_034023_674665/episode_06,43,RIGHT,support_departure,depart_support_platform,normal,1.4498275176015445,1.3107318739101737,1.4979574379044585,0.4,0.8
teacher_real_micro_20260803_034023_674665/episode_02,150,RELEASE_ALL,aligned,aligned_with_deeper_safe_platform,normal,teacher_real_micro_20260803_034023_674665/episode_06,49,LEFT,move,move_toward_safe_platform,normal,1.4200617732765524,1.0526528456291222,1.2320780644872893,0.6,0.4
teacher_real_micro_20260803_034023_674665/episode_02,151,RELEASE_ALL,aligned,aligned_with_deeper_safe_platform,normal,teacher_real_micro_20260803_034023_674665/episode_06,49,LEFT,move,move_toward_safe_platform,normal,1.4775480864061128,1.086732512279318,1.2953704873175744,0.8,0.6
teacher_real_micro_20260803_034023_674665/episode_02,152,RELEASE_ALL,recovery,aligned_with_recovery_platform,normal,teacher_real_micro_20260803_034023_674665/episode_09,69,LEFT,recovery,move_toward_recovery_platform,normal,1.3639722642297754,0.7530441767882637,0.9774075192000331,1.0,0.6
teacher_real_micro_20260803_034023_674665/episode_02,153,LEFT,move,move_toward_deeper_safe_platform,normal,teacher_real_micro_20260803_034023_674665/episode_01,38,RELEASE_ALL,aligned,aligned_with_safe_platform,spring,1.4194911311728842,2.024848455429388,1.4496037564986723,0.2,0.6
teacher_real_micro_20260803_034023_674665/episode_02,154,LEFT,move,move_toward_deeper_safe_platform,normal,teacher_real_micro_20260803_034023_674665/episode_01,62,RELEASE_ALL,brake,direction_change_brake,spring,1.5745617052927066,3.306932601472501,4.810962387384931,0.4,0.2
teacher_real_micro_20260803_034023_674665/episode_02,155,LEFT,move,move_toward_deeper_safe_platform,normal,teacher_real_micro_20260803_034023_674665/episode_06,54,RIGHT,move,move_toward_deeper_safe_platform,normal,1.770981479952348,1.630894176618753,1.3716609582035288,0.6,0.2
teacher_real_micro_20260803_034023_674665/episode_02,156,LEFT,recovery,move_toward_recovery_platform,normal,teacher_real_micro_20260803_034023_674665/episode_06,56,RELEASE_ALL,aligned,aligned_with_safe_platform,normal,1.8118535417517763,1.3560694198742642,1.4176859505783095,0.8,0.6
teacher_real_micro_20260803_034023_674665/episode_02,157,LEFT,recovery,move_toward_recovery_platform,normal,teacher_real_micro_20260803_034023_674665/episode_06,56,RELEASE_ALL,aligned,aligned_with_safe_platform,normal,1.906443849940457,1.4764659456776004,1.4562578434383153,0.8,0.8
teacher_real_micro_20260803_034023_674665/episode_02,158,RELEASE_ALL,brake,direction_change_brake,flipping,teacher_real_micro_20260803_034023_674665/episode_06,57,RIGHT,support_departure,depart_support_platform,normal,1.6701515901359136,1.3330636449751334,3.0184606304725348,0.8,0.8
teacher_real_micro_20260803_034023_674665/episode_02,159,LEFT,support_departure,depart_support_platform,normal,teacher_real_micro_20260803_034023_674665/episode_09,94,RIGHT,support_departure,depart_support_platform,normal,1.6437505382348052,3.076934769381841,1.1209729064154805,0.8,1.0
teacher_real_micro_20260803_034023_674665/episode_02,160,RELEASE_ALL,brake,direction_change_brake,normal,teacher_real_micro_20260803_034023_674665/episode_08,41,LEFT,support_departure,depart_support_platform,spring,1.4346633205545076,1.4105018107219758,1.9458136604750575,0.8,1.0
teacher_real_micro_20260803_034023_674665/episode_02,162,RIGHT,support_departure,depart_support_platform,normal,teacher_real_micro_20260803_034023_674665/episode_09,53,RELEASE_ALL,recovery,aligned_with_recovery_platform,normal,1.2931118745870467,0.7604648676848287,1.3165562500256764,0.2,0.4
teacher_real_micro_20260803_034023_674665/episode_02,163,RIGHT,support_departure,depart_support_platform,normal,teacher_real_micro_20260803_034023_674665/episode_01,26,RELEASE_ALL,aligned,aligned_with_safe_platform,normal,1.1691509978016796,0.695992160288377,1.2560746050825702,0.4,0.6
teacher_real_micro_20260803_034023_674665/episode_02,164,RIGHT,recovery,move_toward_recovery_platform,normal,teacher_real_micro_20260803_034023_674665/episode_01,27,RELEASE_ALL,aligned,aligned_with_safe_platform,normal,1.252214619513125,1.2851951764787106,0.9530613019949206,0.8,0.8
teacher_real_micro_20260803_034023_674665/episode_02,165,RIGHT,recovery,move_toward_recovery_platform,normal,teacher_real_micro_20260803_034023_674665/episode_09,85,RELEASE_ALL,aligned,aligned_with_safe_platform,normal,1.282670271262076,0.9537245778852972,0.9575300290222054,0.6,0.8
teacher_real_micro_20260803_034023_674665/episode_02,166,RIGHT,support_departure,depart_support_platform,normal,teacher_real_micro_20260803_034023_674665/episode_09,85,RELEASE_ALL,aligned,aligned_with_safe_platform,normal,1.5005948162799807,1.064260293742479,1.5657870877186795,0.4,0.6
teacher_real_micro_20260803_034023_674665/episode_02,167,RIGHT,support_departure,depart_support_platform,normal,teacher_real_micro_20260803_034023_674665/episode_09,67,RELEASE_ALL,aligned,aligned_with_deeper_safe_platform,flipping,1.4873078915860902,1.8855078152148192,2.067200608126914,0.2,0.0
teacher_real_micro_20260803_034023_674665/episode_02,168,RIGHT,support_departure,depart_support_platform,normal,teacher_real_micro_20260803_034023_674665/episode_06,45,RELEASE_ALL,aligned,aligned_with_safe_platform,normal,1.3913334275735134,1.1353843542631126,2.0783714612334494,0.8,0.6
teacher_real_micro_20260803_034023_674665/episode_02,169,RIGHT,support_departure,depart_support_platform,normal,teacher_real_micro_20260803_034023_674665/episode_09,89,LEFT,support_departure,depart_support_platform,flipping,1.468571081957154,2.058050936495205,2.009965854648719,0.8,0.8
teacher_real_micro_20260803_034023_674665/episode_02,170,RIGHT,support_departure,depart_support_platform,normal,teacher_real_micro_20260803_034023_674665/episode_03,11,RELEASE_ALL,aligned,aligned_with_safe_platform,normal,1.569315677457075,2.037471481956539,2.257457873004319,1.0,1.0
teacher_real_micro_20260803_034023_674665/episode_02,171,RIGHT,support_departure,depart_support_platform,normal,teacher_real_micro_20260803_034023_674665/episode_06,45,RELEASE_ALL,aligned,aligned_with_safe_platform,normal,1.6616161061563286,1.6701747320791471,2.395339953822824,0.6,1.0
teacher_real_micro_20260803_034023_674665/episode_02,172,RELEASE_ALL,brake,direction_change_brake,normal,teacher_real_micro_20260803_034023_674665/episode_06,46,RIGHT,support_departure,depart_support_platform,normal,1.5238472252944095,2.2973132848094724,2.0148862588753067,0.6,0.0
teacher_real_micro_20260803_034023_674665/episode_02,173,LEFT,move,move_toward_deeper_safe_platform,normal,teacher_real_micro_20260803_034023_674665/episode_06,46,RIGHT,support_departure,depart_support_platform,normal,1.2320158090910798,1.5858738096151381,1.4905146785553607,1.0,0.2
teacher_real_micro_20260803_034023_674665/episode_02,174,LEFT,support_departure,depart_support_platform,normal,teacher_real_micro_20260803_034023_674665/episode_06,47,RIGHT,support_departure,depart_support_platform,normal,1.3902398639994962,1.5669658749331956,1.3916729277037097,1.0,0.8
teacher_real_micro_20260803_034023_674665/episode_03,0,LEFT,support_departure,depart_support_platform,normal,teacher_real_micro_20260803_034023_674665/episode_10,0,RIGHT,support_departure,depart_support_platform,normal,0.44333250659612844,0.22166625329806422,0.3719443073026782,0.6,0.6
teacher_real_micro_20260803_034023_674665/episode_03,1,LEFT,support_departure,depart_support_platform,normal,teacher_real_micro_20260803_034023_674665/episode_10,1,RIGHT,support_departure,depart_support_platform,normal,0.49021160472230624,0.3935734945806796,0.38892955164663057,0.8,0.4
teacher_real_micro_20260803_034023_674665/episode_03,2,LEFT,support_departure,depart_support_platform,normal,teacher_real_micro_20260803_034023_674665/episode_10,2,RIGHT,support_departure,depart_support_platform,normal,0.5834549704572339,0.43387991460314135,0.4355512345140945,1.0,0.8
teacher_real_micro_20260803_034023_674665/episode_03,3,RELEASE_ALL,brake,direction_change_brake,normal,teacher_real_micro_20260803_034023_674665/episode_08,39,LEFT,support_departure,depart_support_platform,spring,0.782744687736322,0.9403780686412382,1.6829422200929658,0.6,0.4
teacher_real_micro_20260803_034023_674665/episode_03,4,RIGHT,move,move_toward_safe_platform,normal,teacher_real_micro_20260803_034023_674665/episode_01,106,RELEASE_ALL,aligned,aligned_with_safe_platform,normal,0.7199585064423304,0.8899033683193995,0.5917508974910937,0.8,0.0
teacher_real_micro_20260803_034023_674665/episode_03,5,RELEASE_ALL,aligned,aligned_with_visible_safe_platform,normal,teacher_real_micro_20260803_034023_674665/episode_09,82,RIGHT,support_departure,depart_support_platform,normal,0.800772649523653,0.7878792240089177,0.9130271107756447,0.4,0.6
teacher_real_micro_20260803_034023_674665/episode_03,6,RIGHT,support_departure,depart_support_platform,normal,teacher_real_micro_20260803_034023_674665/episode_09,85,RELEASE_ALL,aligned,aligned_with_safe_platform,normal,0.6533534221611461,0.42788260095185415,0.8109278463819929,1.0,0.6
teacher_real_micro_20260803_034023_674665/episode_03,7,RIGHT,support_departure,depart_support_platform,normal,teacher_real_micro_20260803_034023_674665/episode_08,37,LEFT,recovery,move_toward_recovery_platform,normal,0.6657999342211453,1.2551694408128888,0.9977677948665666,0.8,0.0
teacher_real_micro_20260803_034023_674665/episode_03,8,RIGHT,support_departure,depart_support_platform,normal,teacher_real_micro_20260803_034023_674665/episode_08,38,LEFT,support_departure,depart_support_platform,spring,0.8304276152274508,1.0697826707712408,1.1262122998334174,0.2,0.2
teacher_real_micro_20260803_034023_674665/episode_03,9,RIGHT,move,move_toward_safe_platform,normal,teacher_real_micro_20260803_034023_674665/episode_09,88,RELEASE_ALL,aligned,aligned_with_safe_platform,normal,0.6230954182977577,0.3318367151790671,0.5284791225106192,0.4,0.4
teacher_real_micro_20260803_034023_674665/episode_03,10,RIGHT,move,move_toward_safe_platform,normal,teacher_real_micro_20260803_034023_674665/episode_09,89,LEFT,support_departure,depart_support_platform,flipping,0.8792990957716655,0.6562953531502055,1.1126016762599966,0.8,0.8
teacher_real_micro_20260803_034023_674665/episode_03,11,RELEASE_ALL,aligned,aligned_with_safe_platform,normal,teacher_real_micro_20260803_034023_674665/episode_09,90,LEFT,support_departure,depart_support_platform,flipping,0.9448895177663869,1.1372652574101019,1.259396004985697,0.8,0.6
teacher_real_micro_20260803_034023_674665/episode_03,12,RELEASE_ALL,aligned,aligned_with_visible_safe_platform,normal,teacher_real_micro_20260803_034023_674665/episode_08,9,LEFT,support_departure,depart_support_platform,normal,1.0502982956666205,2.2600745044207913,1.0082164721594136,0.4,0.4
teacher_real_micro_20260803_034023_674665/episode_03,13,LEFT,support_departure,depart_support_platform,flipping,teacher_real_micro_20260803_034023_674665/episode_04,10,RELEASE_ALL,aligned,aligned_with_safe_platform,normal,1.0199718587861282,0.5998836739466924,1.1659305277387193,0.4,0.8
teacher_real_micro_20260803_034023_674665/episode_03,14,LEFT,support_departure,depart_support_platform,flipping,teacher_real_micro_20260803_034023_674665/episode_02,14,RELEASE_ALL,aligned,aligned_with_safe_platform,flipping,0.5715910445126463,0.5116857347907887,0.9208777942629283,0.2,0.0
teacher_real_micro_20260803_034023_674665/episode_03,15,LEFT,move,move_toward_safe_platform,flipping,teacher_real_micro_20260803_034023_674665/episode_02,14,RELEASE_ALL,aligned,aligned_with_safe_platform,flipping,0.6292284768974769,0.3952715331355901,0.5157359729054432,0.4,0.4
teacher_real_micro_20260803_034023_674665/episode_03,17,LEFT,support_departure,depart_support_platform,normal,teacher_real_micro_20260803_034023_674665/episode_02,105,RELEASE_ALL,recovery,aligned_with_recovery_platform,normal,1.095363789348863,1.2654404918511788,1.2194620157760085,0.2,0.4
teacher_real_micro_20260803_034023_674665/episode_03,18,LEFT,support_departure,depart_support_platform,normal,teacher_real_micro_20260803_034023_674665/episode_02,105,RELEASE_ALL,recovery,aligned_with_recovery_platform,normal,1.025404109625336,0.6737538008012965,1.338509460735053,0.2,0.2
teacher_real_micro_20260803_034023_674665/episode_03,19,LEFT,support_departure,depart_support_platform,flipping,teacher_real_micro_20260803_034023_674665/episode_01,38,RELEASE_ALL,aligned,aligned_with_safe_platform,spring,1.2402393795029436,1.1829908287487674,1.3379284657147392,0.6,0.4
teacher_real_micro_20260803_034023_674665/episode_03,20,LEFT,support_departure,depart_support_platform,flipping,teacher_real_micro_20260803_034023_674665/episode_02,20,RELEASE_ALL,brake,direction_change_brake,normal,0.5614585871928427,0.46957068459541784,3.372271648954538,0.8,0.6
teacher_real_micro_20260803_034023_674665/episode_03,21,RELEASE_ALL,brake,direction_change_brake,flipping,teacher_real_micro_20260803_034023_674665/episode_02,21,RIGHT,wall_guard,wall_guard_inward,normal,0.5924592762752102,3.3313438415222056,2.7011668424678232,0.6,0.4
teacher_real_micro_20260803_034023_674665/episode_03,22,RIGHT,wall_guard,wall_guard_inward,flipping,teacher_real_micro_20260803_034023_674665/episode_02,8,RELEASE_ALL,brake,direction_change_brake,normal,1.0283758826040852,3.5317441208172697,4.490204949375095,0.4,0.0
teacher_real_micro_20260803_034023_674665/episode_03,24,RIGHT,support_departure,depart_support_platform,flipping,teacher_real_micro_20260803_034023_674665/episode_09,116,RELEASE_ALL,aligned,aligned_with_safe_platform,normal,0.9435072413938472,1.2000981741187107,1.5572553359139487,0.2,0.4
teacher_real_micro_20260803_034023_674665/episode_03,25,RIGHT,support_departure,depart_support_platform,flipping,teacher_real_micro_20260803_034023_674665/episode_01,31,RELEASE_ALL,aligned,aligned_with_safe_platform,normal,0.8568227031358665,0.9108422005398893,1.4271657534512323,0.8,0.6
teacher_real_micro_20260803_034023_674665/episode_03,26,RIGHT,move,move_toward_deeper_safe_platform,normal,teacher_real_micro_20260803_034023_674665/episode_01,31,RELEASE_ALL,aligned,aligned_with_safe_platform,normal,0.9179498774214969,0.8049327562813933,1.032532827145064,0.8,1.0
teacher_real_micro_20260803_034023_674665/episode_03,27,RIGHT,move,move_toward_safe_platform,normal,teacher_real_micro_20260803_034023_674665/episode_01,32,RELEASE_ALL,aligned,aligned_with_safe_platform,normal,1.023665044301272,1.083011292698096,1.0373487094814056,0.6,0.6
teacher_real_micro_20260803_034023_674665/episode_03,28,RIGHT,move,move_toward_safe_platform,normal,teacher_real_micro_20260803_034023_674665/episode_01,115,LEFT,support_departure,depart_support_platform,flipping,1.073517061175626,1.1803626365883617,1.6372959690591147,1.0,0.6
teacher_real_micro_20260803_034023_674665/episode_03,29,RIGHT,move,move_toward_safe_platform,normal,teacher_real_micro_20260803_034023_674665/episode_07,23,LEFT,move,move_toward_safe_platform,normal,1.3481623675972598,1.6337895408014576,1.126181086180408,1.0,0.2
teacher_real_micro_20260803_034023_674665/episode_03,30,RELEASE_ALL,aligned,aligned_with_visible_safe_platform,conveyor,teacher_real_micro_20260803_034023_674665/episode_08,28,LEFT,support_departure,depart_support_platform,normal,1.4655102486046083,1.55141840484395,1.5092385184066166,0.8,0.8
teacher_real_micro_20260803_034023_674665/episode_03,31,RELEASE_ALL,aligned,aligned_with_visible_safe_platform,conveyor,teacher_real_micro_20260803_034023_674665/episode_06,22,LEFT,support_departure,depart_support_platform,normal,1.2476056826960078,0.8241785061300229,1.278744171576539,0.6,0.2
teacher_real_micro_20260803_034023_674665/episode_03,32,LEFT,support_departure,depart_support_platform,spring,teacher_real_micro_20260803_034023_674665/episode_06,72,RELEASE_ALL,aligned,aligned_with_visible_safe_platform,flipping,1.1800658268426671,0.8921850293121796,1.8306818210450844,0.4,0.6
teacher_real_micro_20260803_034023_674665/episode_03,33,LEFT,move,move_toward_safe_platform,spring,teacher_real_micro_20260803_034023_674665/episode_10,8,RIGHT,support_departure,depart_support_platform,normal,1.2464345905690801,1.4968521446734784,1.4406159702147305,0.2,0.4
teacher_real_micro_20260803_034023_674665/episode_03,34,LEFT,move,move_toward_safe_platform,spring,teacher_real_micro_20260803_034023_674665/episode_01,118,RELEASE_ALL,aligned,aligned_with_visible_safe_platform,flipping,1.0778220511536065,1.4993273777369556,1.0890288805988642,0.4,0.2
teacher_real_micro_20260803_034023_674665/episode_03,35,LEFT,special_escape,escape_special_contact,spikes,teacher_real_micro_20260803_034023_674665/episode_02,105,RELEASE_ALL,recovery,aligned_with_recovery_platform,normal,1.1947653021382625,1.4147518217107418,2.3421640805175623,0.4,0.4
teacher_real_micro_20260803_034023_674665/episode_03,36,LEFT,special_escape,escape_special_contact,spikes,teacher_real_micro_20260803_034023_674665/episode_02,105,RELEASE_ALL,recovery,aligned_with_recovery_platform,normal,1.1900708895213656,2.2166019482745676,2.6812155745303268,0.6,0.4
teacher_real_micro_20260803_034023_674665/episode_03,37,RELEASE_ALL,recovery,aligned_with_recovery_platform,normal,teacher_real_micro_20260803_034023_674665/episode_07,2,LEFT,support_departure,depart_support_platform,normal,1.2253839451681128,2.521332815633021,1.2548948199470944,0.8,0.4
teacher_real_micro_20260803_034023_674665/episode_03,38,LEFT,support_departure,depart_support_platform,flipping,teacher_real_micro_20260803_034023_674665/episode_07,4,RELEASE_ALL,aligned,aligned_with_safe_platform,normal,1.2634006846614019,0.7878366189871372,1.2675606112222702,0.2,1.0
teacher_real_micro_20260803_034023_674665/episode_03,39,LEFT,support_departure,depart_support_platform,flipping,teacher_real_micro_20260803_034023_674665/episode_02,72,RELEASE_ALL,aligned,aligned_with_safe_platform,normal,1.1680057246472655,0.8058037942302358,1.3377080072057361,0.2,0.2
teacher_real_micro_20260803_034023_674665/episode_03,40,RELEASE_ALL,brake,direction_change_brake,flipping,teacher_real_micro_20260803_034023_674665/episode_07,55,LEFT,support_departure,depart_support_platform,flipping,1.0791462126681226,0.5908942290623259,1.5783327737983956,0.8,0.6
teacher_real_micro_20260803_034023_674665/episode_03,41,RIGHT,move,move_toward_safe_platform,flipping,teacher_real_micro_20260803_034023_674665/episode_07,56,RELEASE_ALL,aligned,aligned_with_safe_platform,flipping,1.0272049584826082,1.5337949665180144,0.7490973418959856,0.4,0.0
teacher_real_micro_20260803_034023_674665/episode_03,42,RELEASE_ALL,aligned,aligned_with_visible_safe_platform,flipping,teacher_real_micro_20260803_034023_674665/episode_07,58,RIGHT,support_departure,depart_support_platform,normal,1.0692302569317325,0.5840168740455879,1.1905153055197268,0.8,0.8
teacher_real_micro_20260803_034023_674665/episode_03,43,RIGHT,support_departure,depart_support_platform,normal,teacher_real_micro_20260803_034023_674665/episode_07,8,RELEASE_ALL,aligned,aligned_with_safe_platform,normal,1.1375124485813872,1.1315431076685276,1.2205677730772293,0.2,0.2
teacher_real_micro_20260803_034023_674665/episode_03,44,RIGHT,recovery,move_toward_recovery_platform,normal,teacher_real_micro_20260803_034023_674665/episode_07,8,RELEASE_ALL,aligned,aligned_with_safe_platform,normal,1.0193723443855827,0.882940210028887,0.7721507088375147,0.4,0.2
teacher_real_micro_20260803_034023_674665/episode_03,45,RIGHT,move,reposition_for_unseen_landing,,teacher_real_micro_20260803_034023_674665/episode_07,9,RELEASE_ALL,aligned,aligned_with_safe_platform,normal,1.3457970878643963,0.9329477381668335,1.2051210899505453,0.4,0.2
teacher_real_micro_20260803_034023_674665/episode_04,0,RIGHT,support_departure,depart_support_platform,normal,teacher_real_micro_20260803_034023_674665/episode_09,0,LEFT,support_departure,depart_support_platform,normal,0.6193090405383395,0.30965452026916973,0.46688705225406996,0.2,0.2
teacher_real_micro_20260803_034023_674665/episode_04,1,RIGHT,support_departure,depart_support_platform,normal,teacher_real_micro_20260803_034023_674665/episode_06,2,RELEASE_ALL,aligned,aligned_with_safe_platform,normal,0.6608731990449344,0.49794983539823623,0.9749102299069614,0.4,0.0
teacher_real_micro_20260803_034023_674665/episode_04,2,RELEASE_ALL,aligned,aligned_with_safe_platform,normal,teacher_real_micro_20260803_034023_674665/episode_08,2,RIGHT,support_departure,depart_support_platform,normal,0.5890957986205889,0.29572127742716925,0.9551706635049533,0.6,0.4
teacher_real_micro_20260803_034023_674665/episode_04,3,RELEASE_ALL,aligned,aligned_with_safe_platform,normal,teacher_real_micro_20260803_034023_674665/episode_06,3,LEFT,move,move_toward_safe_platform,normal,0.8258187726269326,0.41431960800571876,0.6066324733904552,0.2,0.2
teacher_real_micro_20260803_034023_674665/episode_04,4,RELEASE_ALL,aligned,aligned_with_visible_safe_platform,normal,teacher_real_micro_20260803_034023_674665/episode_06,27,LEFT,support_departure,depart_support_platform,normal,1.052244723320523,0.564441626298042,1.0348091924167282,0.2,0.2
teacher_real_micro_20260803_034023_674665/episode_04,5,RELEASE_ALL,aligned,aligned_with_visible_safe_platform,normal,teacher_real_micro_20260803_034023_674665/episode_02,5,LEFT,support_departure,depart_support_platform,normal,0.6811214632295439,0.447576698214698,0.8889421820119188,0.4,0.4
teacher_real_micro_20260803_034023_674665/episode_04,6,RIGHT,support_departure,depart_support_platform,normal,teacher_real_micro_20260803_034023_674665/episode_06,29,LEFT,support_departure,depart_support_platform,normal,1.0723049034595649,1.1965943612516718,0.9239753144273224,1.0,0.6
teacher_real_micro_20260803_034023_674665/episode_04,7,RIGHT,support_departure,depart_support_platform,normal,teacher_real_micro_20260803_034023_674665/episode_08,30,LEFT,support_departure,depart_support_platform,normal,0.8990761669962707,0.8535391058978092,0.6770938282472597,1.0,0.4
teacher_real_micro_20260803_034023_674665/episode_04,8,RELEASE_ALL,aligned,aligned_with_safe_platform,normal,teacher_real_micro_20260803_034023_674665/episode_02,5,LEFT,support_departure,depart_support_platform,normal,0.6152001070040212,0.9591723452240379,0.7843233574343383,0.6,0.4
teacher_real_micro_20260803_034023_674665/episode_04,9,RELEASE_ALL,aligned,aligned_with_safe_platform,normal,teacher_real_micro_20260803_034023_674665/episode_02,6,LEFT,support_departure,depart_support_platform,normal,0.7253694913892457,0.831511369047139,1.0675573056685894,0.8,0.4
teacher_real_micro_20260803_034023_674665/episode_04,10,RELEASE_ALL,aligned,aligned_with_safe_platform,normal,teacher_real_micro_20260803_034023_674665/episode_10,14,LEFT,support_departure,depart_support_platform,normal,0.8296009090749821,0.8822514441539641,1.1451505488209688,0.6,0.2
teacher_real_micro_20260803_034023_674665/episode_04,11,LEFT,support_departure,depart_support_platform,normal,teacher_real_micro_20260803_034023_674665/episode_10,5,RELEASE_ALL,aligned,aligned_with_visible_safe_platform,normal,0.5238047862939555,0.2725841794523979,0.7300829215111515,0.8,0.8
teacher_real_micro_20260803_034023_674665/episode_04,12,LEFT,support_departure,depart_support_platform,normal,teacher_real_micro_20260803_034023_674665/episode_10,6,RELEASE_ALL,aligned,aligned_with_visible_safe_platform,normal,0.5980616593923492,0.7591249154418154,1.0175190913329943,0.4,0.0
teacher_real_micro_20260803_034023_674665/episode_04,13,RELEASE_ALL,aligned,aligned_with_safe_platform,normal,teacher_real_micro_20260803_034023_674665/episode_10,15,LEFT,support_departure,depart_support_platform,normal,0.30621906341290084,0.15670300218937927,0.8074612814232844,0.6,0.8
teacher_real_micro_20260803_034023_674665/episode_04,14,RELEASE_ALL,aligned,aligned_with_safe_platform,normal,teacher_real_micro_20260803_034023_674665/episode_10,16,LEFT,support_departure,depart_support_platform,normal,0.28107295620144823,0.7830232655813655,0.7937311108459758,0.6,0.2
teacher_real_micro_20260803_034023_674665/episode_04,15,LEFT,support_departure,depart_support_platform,normal,teacher_real_micro_20260803_034023_674665/episode_01,19,RELEASE_ALL,aligned,aligned_with_safe_platform,normal,0.29724175646892187,0.17574138359510166,0.6154894555278179,0.6,0.8
teacher_real_micro_20260803_034023_674665/episode_04,16,LEFT,support_departure,depart_support_platform,normal,teacher_real_micro_20260803_034023_674665/episode_10,17,RELEASE_ALL,brake,direction_change_brake,normal,0.38004137287312906,0.3969004179628047,1.163076562091865,0.6,0.0
teacher_real_micro_20260803_034023_674665/episode_04,18,LEFT,support_departure,depart_support_platform,normal,teacher_real_micro_20260803_034023_674665/episode_01,105,RELEASE_ALL,aligned,aligned_with_safe_platform,normal,0.27230381700359424,0.1934938017726568,0.7874401273756262,0.4,0.4
teacher_real_micro_20260803_034023_674665/episode_04,19,LEFT,move,move_toward_safe_platform,normal,teacher_real_micro_20260803_034023_674665/episode_01,18,RELEASE_ALL,aligned,aligned_with_safe_platform,normal,0.37599623748606026,0.19508662095837773,0.4420201475422746,0.6,0.6
teacher_real_micro_20260803_034023_674665/episode_04,20,LEFT,move,move_toward_safe_platform,normal,teacher_real_micro_20260803_034023_674665/episode_10,19,RIGHT,move,move_toward_safe_platform,normal,0.4588888074401226,0.4671899666860345,0.43798591243043683,0.8,0.4
teacher_real_micro_20260803_034023_674665/episode_04,21,RELEASE_ALL,aligned,aligned_with_safe_platform,normal,teacher_real_micro_20260803_034023_674665/episode_01,20,LEFT,support_departure,depart_support_platform,normal,0.6462302233856091,0.5903713760856991,0.7567413004841504,0.6,0.6
teacher_real_micro_20260803_034023_674665/episode_04,22,RIGHT,support_departure,depart_support_platform,spring,teacher_real_micro_20260803_034023_674665/episode_01,107,RELEASE_ALL,aligned,aligned_with_visible_safe_platform,normal,0.7744308780601122,0.42081743693330265,1.1635400996371843,0.6,0.6
teacher_real_micro_20260803_034023_674665/episode_04,23,RIGHT,support_departure,depart_support_platform,spring,teacher_real_micro_20260803_034023_674665/episode_01,108,RELEASE_ALL,aligned,aligned_with_visible_safe_platform,normal,0.7741387482619169,1.1493565786288626,1.3361243934151397,0.4,0.6
teacher_real_micro_20260803_034023_674665/episode_04,24,RIGHT,move,move_toward_safe_platform,spring,teacher_real_micro_20260803_034023_674665/episode_08,36,RELEASE_ALL,brake,direction_change_brake,normal,0.7194684237210833,0.754415248237613,1.1545958261320495,0.8,1.0
teacher_real_micro_20260803_034023_674665/episode_04,25,RIGHT,move,move_toward_safe_platform,spring,teacher_real_micro_20260803_034023_674665/episode_07,8,RELEASE_ALL,aligned,aligned_with_safe_platform,normal,0.6017742089769713,0.9497968355114957,0.6335432286847867,0.8,0.6
teacher_real_micro_20260803_034023_674665/episode_04,26,RIGHT,support_departure,depart_support_platform,spring,teacher_real_micro_20260803_034023_674665/episode_07,9,RELEASE_ALL,aligned,aligned_with_safe_platform,normal,0.7447143461100987,0.7017238447069594,1.4682469166345462,1.0,0.6
teacher_real_micro_20260803_034023_674665/episode_04,27,RIGHT,support_departure,depart_support_platform,spring,teacher_real_micro_20260803_034023_674665/episode_08,40,LEFT,support_departure,depart_support_platform,spring,0.872657765814145,1.1424688036112245,0.9927951467229943,1.0,1.0
teacher_real_micro_20260803_034023_674665/episode_04,28,RELEASE_ALL,brake,direction_change_brake,spring,teacher_real_micro_20260803_034023_674665/episode_02,13,LEFT,support_departure,depart_support_platform,flipping,0.9950339312960256,1.6855384080353626,1.8439668161038467,0.8,0.6
teacher_real_micro_20260803_034023_674665/episode_04,29,LEFT,move,approach_visible_safe_platform,spring,teacher_real_micro_20260803_034023_674665/episode_08,4,RELEASE_ALL,aligned,aligned_with_safe_platform,normal,0.9662683451445552,1.207409056413477,0.8517958000092896,1.0,0.2
teacher_real_micro_20260803_034023_674665/episode_04,30,LEFT,move,approach_visible_safe_platform,normal,teacher_real_micro_20260803_034023_674665/episode_08,4,RELEASE_ALL,aligned,aligned_with_safe_platform,normal,1.0849051412288842,0.9239235619113484,0.8937175510771168,1.0,0.0
teacher_real_micro_20260803_034023_674665/episode_04,31,RELEASE_ALL,no_target,no_reachable_landing,,teacher_real_micro_20260803_034023_674665/episode_06,22,LEFT,support_departure,depart_support_platform,normal,1.2556663214810837,1.0109587837934662,2.0659090701773133,0.4,0.6
teacher_real_micro_20260803_034023_674665/episode_05,0,RIGHT,support_departure,depart_support_platform,normal,teacher_real_micro_20260803_034023_674665/episode_07,0,LEFT,support_departure,depart_support_platform,normal,0.3592272507308999,0.17961362536544995,0.3298916793700639,0.4,0.2
teacher_real_micro_20260803_034023_674665/episode_05,1,RIGHT,support_departure,depart_support_platform,normal,teacher_real_micro_20260803_034023_674665/episode_07,1,LEFT,support_departure,depart_support_platform,normal,0.41046308173940405,0.35369923308922846,0.3488696178005086,0.4,0.2
teacher_real_micro_20260803_034023_674665/episode_05,2,RIGHT,support_departure,depart_support_platform,normal,teacher_real_micro_20260803_034023_674665/episode_02,2,RELEASE_ALL,aligned,aligned_with_safe_platform,normal,0.5152729519363305,0.25763647596816525,0.9086824960363733,0.6,0.6
teacher_real_micro_20260803_034023_674665/episode_05,3,RELEASE_ALL,aligned,aligned_with_safe_platform,normal,teacher_real_micro_20260803_034023_674665/episode_01,100,LEFT,move,move_toward_safe_platform,normal,0.6129203643863907,0.9498965316487934,0.5427244752270581,0.4,0.2
teacher_real_micro_20260803_034023_674665/episode_05,4,RELEASE_ALL,aligned,aligned_with_safe_platform,normal,teacher_real_micro_20260803_034023_674665/episode_01,100,LEFT,move,move_toward_safe_platform,normal,0.5575745184356699,0.3171921228979203,0.5099804257466941,0.4,0.4
teacher_real_micro_20260803_034023_674665/episode_05,5,RELEASE_ALL,aligned,aligned_with_visible_safe_platform,normal,teacher_real_micro_20260803_034023_674665/episode_01,101,LEFT,support_departure,depart_support_platform,normal,0.5704797217649001,0.515641040599825,0.7682813225693821,0.4,0.2
teacher_real_micro_20260803_034023_674665/episode_05,6,RELEASE_ALL,aligned,aligned_with_visible_safe_platform,normal,teacher_real_micro_20260803_034023_674665/episode_01,102,LEFT,support_departure,depart_support_platform,normal,0.572246795486089,0.7611464613739201,0.9585886041344726,0.6,0.4
teacher_real_micro_20260803_034023_674665/episode_05,7,RELEASE_ALL,aligned,aligned_with_visible_safe_platform,normal,teacher_real_micro_20260803_034023_674665/episode_01,102,LEFT,support_departure,depart_support_platform,normal,0.6512458287458394,0.8514479123967982,1.1007277431413254,0.8,0.6
teacher_real_micro_20260803_034023_674665/episode_05,8,RELEASE_ALL,aligned,aligned_with_visible_safe_platform,normal,teacher_real_micro_20260803_034023_674665/episode_01,103,LEFT,support_departure,depart_support_platform,normal,0.7749620116003477,1.148358889463349,1.3090595005975376,1.0,0.4
teacher_real_micro_20260803_034023_674665/episode_05,9,LEFT,launch,escape_launch_platform_dwell,normal,teacher_real_micro_20260803_034023_674665/episode_02,45,RIGHT,support_departure,depart_support_platform,normal,0.7894352736433192,0.4048144351528679,2.2629818819919256,0.6,1.0
teacher_real_micro_20260803_034023_674665/episode_05,10,LEFT,support_departure,depart_support_platform,conveyor,teacher_real_micro_20260803_034023_674665/episode_02,46,RIGHT,support_departure,depart_support_platform,normal,0.8046053554983058,2.235896156379015,1.2208311971994554,0.2,0.6
teacher_real_micro_20260803_034023_674665/episode_05,12,LEFT,move,move_toward_safe_platform,normal,teacher_real_micro_20260803_034023_674665/episode_10,19,RIGHT,move,move_toward_safe_platform,normal,0.7271588711202632,0.7132643819200231,0.6601775339215573,0.2,0.4
teacher_real_micro_20260803_034023_674665/episode_05,13,LEFT,move,move_toward_safe_platform,normal,teacher_real_micro_20260803_034023_674665/episode_04,21,RELEASE_ALL,aligned,aligned_with_safe_platform,normal,0.6744649553920332,0.39507204480293096,0.5861410133084564,0.8,0.4
teacher_real_micro_20260803_034023_674665/episode_05,14,RELEASE_ALL,brake,direction_change_brake,conveyor,teacher_real_micro_20260803_034023_674665/episode_08,44,RIGHT,recovery,move_toward_recovery_platform,normal,0.9871799110373509,1.115736064919206,1.2821941820248548,0.8,0.4
teacher_real_micro_20260803_034023_674665/episode_05,15,RELEASE_ALL,no_target,no_reachable_landing,,teacher_real_micro_20260803_034023_674665/episode_08,45,RIGHT,move,reposition_for_unseen_landing,,0.9775757533084403,1.265071398684881,1.5181171834475022,0.6,1.0
teacher_real_micro_20260803_034023_674665/episode_05,16,RELEASE_ALL,no_target,no_reachable_landing,,teacher_real_micro_20260803_034023_674665/episode_08,45,RIGHT,move,reposition_for_unseen_landing,,1.5668460413621301,2.981204501035851,1.8199629396207053,0.2,0.4
teacher_real_micro_20260803_034023_674665/episode_05,17,RELEASE_ALL,aligned,aligned_with_safe_platform,spring,teacher_real_micro_20260803_034023_674665/episode_04,22,RIGHT,support_departure,depart_support_platform,spring,1.7946306194711703,2.895227175426605,1.5554428870097288,0.2,0.2
teacher_real_micro_20260803_034023_674665/episode_05,18,LEFT,special_escape,escape_special_contact,spring,teacher_real_micro_20260803_034023_674665/episode_08,48,RELEASE_ALL,recovery,aligned_with_visible_recovery_platform,normal,1.2803501862347715,0.97323747806662,2.539194082343396,1.0,1.0
teacher_real_micro_20260803_034023_674665/episode_05,19,LEFT,special_escape,escape_special_contact,spring,teacher_real_micro_20260803_034023_674665/episode_08,49,RIGHT,launch,escape_launch_platform_dwell,normal,1.3726105945642424,2.5496117334607438,3.5245955545029175,1.0,0.6
teacher_real_micro_20260803_034023_674665/episode_05,20,RELEASE_ALL,brake,direction_change_brake,conveyor,teacher_real_micro_20260803_034023_674665/episode_08,50,RIGHT,launch,escape_launch_platform,launch_platform,1.306031401036249,3.4406187584292542,3.369158486781579,0.6,0.8
teacher_real_micro_20260803_034023_674665/episode_05,21,RIGHT,move,approach_visible_safe_platform,conveyor,teacher_real_micro_20260803_034023_674665/episode_08,42,RELEASE_ALL,brake,direction_change_brake,normal,1.1714184615344554,2.18698374998888,1.5006791271612565,0.6,0.0
teacher_real_micro_20260803_034023_674665/episode_05,22,RIGHT,move,move_toward_safe_platform,normal,teacher_real_micro_20260803_034023_674665/episode_08,42,RELEASE_ALL,brake,direction_change_brake,normal,1.1459377707557155,1.8794977614797785,1.2269803085029753,0.4,0.2
teacher_real_micro_20260803_034023_674665/episode_05,23,RIGHT,move,move_toward_safe_platform,normal,teacher_real_micro_20260803_034023_674665/episode_04,21,RELEASE_ALL,aligned,aligned_with_safe_platform,normal,1.3958053663841417,0.9339346475630073,1.0045949779484469,0.2,0.2
teacher_real_micro_20260803_034023_674665/episode_05,24,RIGHT,move,reposition_for_unseen_landing,,teacher_real_micro_20260803_034023_674665/episode_08,46,RELEASE_ALL,recovery,aligned_with_visible_recovery_platform,normal,1.240103734528732,1.0158698883461381,1.1392587803073875,0.2,0.2
teacher_real_micro_20260803_034023_674665/episode_06,0,RIGHT,support_departure,depart_support_platform,normal,teacher_real_micro_20260803_034023_674665/episode_09,0,LEFT,support_departure,depart_support_platform,normal,0.3722592731892367,0.18612963659461834,0.33640769059923226,0.4,0.2
teacher_real_micro_20260803_034023_674665/episode_06,1,RIGHT,support_departure,depart_support_platform,normal,teacher_real_micro_20260803_034023_674665/episode_09,1,LEFT,support_departure,depart_support_platform,normal,0.43687602724139973,0.3669057058402263,0.3620528815071726,0.4,0.2
teacher_real_micro_20260803_034023_674665/episode_06,2,RELEASE_ALL,aligned,aligned_with_safe_platform,normal,teacher_real_micro_20260803_034023_674665/episode_09,1,LEFT,support_departure,depart_support_platform,normal,0.5934069872147074,0.5716014929774951,0.9385895231203484,0.4,0.6
teacher_real_micro_20260803_034023_674665/episode_06,3,LEFT,move,move_toward_safe_platform,normal,teacher_real_micro_20260803_034023_674665/episode_09,3,RELEASE_ALL,aligned,aligned_with_safe_platform,normal,0.6523054131235448,0.35564677557283736,0.5400891413551503,0.8,0.6
teacher_real_micro_20260803_034023_674665/episode_06,4,RELEASE_ALL,aligned,aligned_with_safe_platform,normal,teacher_real_micro_20260803_034023_674665/episode_08,38,LEFT,support_departure,depart_support_platform,spring,0.7432187645156354,0.5244544182193217,1.1703826875180678,0.8,0.8
teacher_real_micro_20260803_034023_674665/episode_06,5,LEFT,support_departure,depart_support_platform,spring,teacher_real_micro_20260803_034023_674665/episode_09,5,RELEASE_ALL,aligned,aligned_with_visible_safe_platform,normal,0.8884496314665383,0.4868948795777907,1.2769104448831363,0.4,0.6
teacher_real_micro_20260803_034023_674665/episode_06,6,LEFT,support_departure,depart_support_platform,spring,teacher_real_micro_20260803_034023_674665/episode_02,74,RELEASE_ALL,aligned,aligned_with_visible_safe_platform,normal,0.9408442749920632,1.2258881522875678,1.3216421259077646,0.4,0.2
teacher_real_micro_20260803_034023_674665/episode_06,7,LEFT,support_departure,depart_support_platform,spring,teacher_real_micro_20260803_034023_674665/episode_02,55,RELEASE_ALL,aligned,aligned_with_safe_platform,flipping,0.8833943386339019,0.8773719697571323,1.4143483701160677,0.6,0.4
teacher_real_micro_20260803_034023_674665/episode_06,8,RELEASE_ALL,brake,direction_change_brake,spring,teacher_real_micro_20260803_034023_674665/episode_08,41,LEFT,support_departure,depart_support_platform,spring,0.8223215166880018,0.4585325853039122,1.6271673654260244,0.8,0.6
teacher_real_micro_20260803_034023_674665/episode_06,9,RIGHT,move,move_toward_safe_platform,spring,teacher_real_micro_20260803_034023_674665/episode_02,8,RELEASE_ALL,brake,direction_change_brake,normal,0.8976617056514707,1.5090391336275428,1.1382807448812038,0.8,0.0
teacher_real_micro_20260803_034023_674665/episode_06,11,RIGHT,move,move_toward_safe_platform,conveyor,teacher_real_micro_20260803_034023_674665/episode_05,14,RELEASE_ALL,brake,direction_change_brake,conveyor,1.1509878500065802,0.9212969859142737,1.2021005296975482,0.2,0.2
teacher_real_micro_20260803_034023_674665/episode_06,12,RELEASE_ALL,aligned,aligned_with_safe_platform,conveyor,teacher_real_micro_20260803_034023_674665/episode_04,27,RIGHT,support_departure,depart_support_platform,spring,1.3315149358732072,1.8048949866476194,2.0689667636034934,0.8,0.6
teacher_real_micro_20260803_034023_674665/episode_06,13,RELEASE_ALL,aligned,aligned_with_safe_platform,spring,teacher_real_micro_20260803_034023_674665/episode_04,27,RIGHT,support_departure,depart_support_platform,spring,1.3506380152271205,1.8953233684285418,1.8829017145824154,0.4,0.4
teacher_real_micro_20260803_034023_674665/episode_06,14,RELEASE_ALL,aligned,aligned_with_safe_platform,spring,teacher_real_micro_20260803_034023_674665/episode_04,27,RIGHT,support_departure,depart_support_platform,spring,1.3260692429051908,1.6577571544046772,1.888902022510679,1.0,0.2
teacher_real_micro_20260803_034023_674665/episode_06,15,RELEASE_ALL,aligned,aligned_with_safe_platform,spring,teacher_real_micro_20260803_034023_674665/episode_01,60,LEFT,special_escape,escape_special_contact,spring,1.446901992730268,3.1075496005338055,2.869821782949337,0.4,0.6
teacher_real_micro_20260803_034023_674665/episode_06,16,RELEASE_ALL,aligned,aligned_with_safe_platform,spring,teacher_real_micro_20260803_034023_674665/episode_01,61,LEFT,special_escape,escape_special_contact,spring,1.43877086378292,2.8247226656273603,3.331736841137466,0.8,0.4
teacher_real_micro_20260803_034023_674665/episode_06,17,RELEASE_ALL,aligned,aligned_with_safe_platform,spring,teacher_real_micro_20260803_034023_674665/episode_02,46,RIGHT,support_departure,depart_support_platform,normal,1.4151344142535707,1.4789671135531652,1.8161664399412043,0.6,0.6
teacher_real_micro_20260803_034023_674665/episode_06,18,RIGHT,special_escape,escape_special_contact,spring,teacher_real_micro_20260803_034023_674665/episode_02,44,RELEASE_ALL,aligned,aligned_with_visible_safe_platform,normal,1.4592185706978038,0.9542896321556575,2.8886652448154932,0.8,0.8
teacher_real_micro_20260803_034023_674665/episode_06,19,RIGHT,special_escape,escape_special_contact,spring,teacher_real_micro_20260803_034023_674665/episode_08,26,RELEASE_ALL,recovery,aligned_with_recovery_platform,normal,1.2370064687404336,2.387321535418989,2.4413846830530312,0.8,0.2
teacher_real_micro_20260803_034023_674665/episode_06,20,RELEASE_ALL,aligned,aligned_with_safe_platform,normal,teacher_real_micro_20260803_034023_674665/episode_07,41,RIGHT,support_departure,depart_support_platform,normal,1.173432830011005,2.2638221386113764,1.2920164019890508,0.4,0.8
teacher_real_micro_20260803_034023_674665/episode_06,21,RELEASE_ALL,aligned,aligned_with_visible_safe_platform,normal,teacher_real_micro_20260803_034023_674665/episode_01,100,LEFT,move,move_toward_safe_platform,normal,0.9745161901918045,0.5306248820069259,0.793870108156977,0.2,0.2
teacher_real_micro_20260803_034023_674665/episode_06,22,LEFT,support_departure,depart_support_platform,normal,teacher_real_micro_20260803_034023_674665/episode_07,41,RIGHT,support_departure,depart_support_platform,normal,0.9364109273616132,0.943957340915507,0.8194860864066293,0.6,0.8
teacher_real_micro_20260803_034023_674665/episode_06,23,LEFT,support_departure,depart_support_platform,normal,teacher_real_micro_20260803_034023_674665/episode_10,7,RIGHT,support_departure,depart_support_platform,normal,0.873346817835942,1.0390550447279214,0.796264154124992,0.4,0.0
teacher_real_micro_20260803_034023_674665/episode_06,24,LEFT,support_departure,depart_support_platform,normal,teacher_real_micro_20260803_034023_674665/episode_01,7,RELEASE_ALL,aligned,aligned_with_safe_platform,normal,0.6635193065536236,0.36123290799238617,0.9839724749578602,0.4,0.4
teacher_real_micro_20260803_034023_674665/episode_06,25,LEFT,move,move_toward_safe_platform,normal,teacher_real_micro_20260803_034023_674665/episode_01,105,RELEASE_ALL,aligned,aligned_with_safe_platform,normal,0.7756449272564567,0.40297645024519163,0.6167489457791765,0.6,0.4
teacher_real_micro_20260803_034023_674665/episode_06,26,RELEASE_ALL,aligned,aligned_with_safe_platform,normal,teacher_real_micro_20260803_034023_674665/episode_09,105,LEFT,support_departure,depart_support_platform,normal,0.8537363184423528,1.008107160119644,1.0728530762223403,0.2,0.8
teacher_real_micro_20260803_034023_674665/episode_06,27,LEFT,support_departure,depart_support_platform,normal,teacher_real_micro_20260803_034023_674665/episode_01,68,RELEASE_ALL,recovery,aligned_with_recovery_platform,normal,0.825416909175784,1.0167348428932286,0.9200331756388787,0.8,1.0
teacher_real_micro_20260803_034023_674665/episode_06,28,LEFT,support_departure,depart_support_platform,normal,teacher_real_micro_20260803_034023_674665/episode_01,69,RELEASE_ALL,recovery,aligned_with_recovery_platform,normal,0.6991383026605009,0.8495048954909714,1.003293247291011,0.8,0.0
teacher_real_micro_20260803_034023_674665/episode_06,29,LEFT,support_departure,depart_support_platform,normal,teacher_real_micro_20260803_034023_674665/episode_04,6,RIGHT,support_departure,depart_support_platform,normal,1.0723049034595649,1.1965943612516718,0.9239753144273224,0.2,0.6
teacher_real_micro_20260803_034023_674665/episode_06,30,LEFT,support_departure,depart_support_platform,normal,teacher_real_micro_20260803_034023_674665/episode_01,69,RELEASE_ALL,recovery,aligned_with_recovery_platform,normal,0.8927927169617718,1.1123360545132692,1.1256738313184416,0.6,0.4
teacher_real_micro_20260803_034023_674665/episode_06,31,RELEASE_ALL,aligned,aligned_with_safe_platform,normal,teacher_real_micro_20260803_034023_674665/episode_01,70,LEFT,support_departure,depart_support_platform,normal,0.8216342411644847,1.078707137957129,0.9191671409603543,0.2,0.2
teacher_real_micro_20260803_034023_674665/episode_06,32,RELEASE_ALL,aligned,aligned_with_safe_platform,normal,teacher_real_micro_20260803_034023_674665/episode_01,70,LEFT,support_departure,depart_support_platform,normal,0.7659416023130838,0.5133773548546638,0.9013020009851268,0.2,0.2
teacher_real_micro_20260803_034023_674665/episode_06,33,RIGHT,support_departure,depart_support_platform,normal,teacher_real_micro_20260803_034023_674665/episode_01,107,RELEASE_ALL,aligned,aligned_with_visible_safe_platform,normal,0.42913178909183264,0.24153754934068655,0.6783708410364946,0.8,0.6
teacher_real_micro_20260803_034023_674665/episode_06,34,RIGHT,support_departure,depart_support_platform,normal,teacher_real_micro_20260803_034023_674665/episode_01,108,RELEASE_ALL,aligned,aligned_with_visible_safe_platform,normal,0.4510307780095457,0.6810959183747067,0.8384199145782322,0.6,0.0
teacher_real_micro_20260803_034023_674665/episode_06,35,RIGHT,support_departure,depart_support_platform,normal,teacher_real_micro_20260803_034023_674665/episode_01,26,RELEASE_ALL,aligned,aligned_with_safe_platform,normal,0.529655785433088,0.2866146040649353,0.9511923520520957,0.6,0.6
teacher_real_micro_20260803_034023_674665/episode_06,36,RIGHT,support_departure,depart_support_platform,normal,teacher_real_micro_20260803_034023_674665/episode_02,3,RELEASE_ALL,aligned,aligned_with_safe_platform,normal,0.7749247453260651,1.086253219724638,1.0826900992028485,0.8,0.4
teacher_real_micro_20260803_034023_674665/episode_06,37,RELEASE_ALL,aligned,aligned_with_safe_platform,normal,teacher_real_micro_20260803_034023_674665/episode_01,72,LEFT,support_departure,depart_support_platform,normal,0.8221564511770061,0.6061023187265506,1.0839069085899533,0.4,0.2
teacher_real_micro_20260803_034023_674665/episode_06,38,RELEASE_ALL,aligned,aligned_with_safe_platform,normal,teacher_real_micro_20260803_034023_674665/episode_01,21,LEFT,support_departure,depart_support_platform,normal,0.9114340757901487,0.9466023715906305,1.1140089241294446,0.4,0.2
teacher_real_micro_20260803_034023_674665/episode_06,39,LEFT,support_departure,depart_support_platform,normal,teacher_real_micro_20260803_034023_674665/episode_01,14,RELEASE_ALL,aligned,aligned_with_safe_platform,normal,0.8215130909554608,0.4402346060174651,1.0097561713509946,0.6,0.4
teacher_real_micro_20260803_034023_674665/episode_06,41,RELEASE_ALL,aligned,aligned_with_safe_platform,normal,teacher_real_micro_20260803_034023_674665/episode_04,17,LEFT,support_departure,depart_support_platform,normal,0.49344050174677984,0.26914865337944693,0.891599995813315,0.8,1.0
teacher_real_micro_20260803_034023_674665/episode_06,42,RELEASE_ALL,aligned,aligned_with_safe_platform,normal,teacher_real_micro_20260803_034023_674665/episode_01,22,LEFT,move,move_toward_safe_platform,normal,0.5737931213132185,0.8714735752448957,0.5210099786052477,0.6,0.2
teacher_real_micro_20260803_034023_674665/episode_06,43,RIGHT,support_departure,depart_support_platform,normal,teacher_real_micro_20260803_034023_674665/episode_01,20,LEFT,support_departure,depart_support_platform,normal,0.6649066229734086,0.36534120009754667,0.5028782512515412,0.4,0.6
teacher_real_micro_20260803_034023_674665/episode_06,44,RIGHT,support_departure,depart_support_platform,normal,teacher_real_micro_20260803_034023_674665/episode_01,26,RELEASE_ALL,aligned,aligned_with_safe_platform,normal,0.66345043254864,0.5005609758600515,0.9583435302166208,0.2,0.2
teacher_real_micro_20260803_034023_674665/episode_06,45,RELEASE_ALL,aligned,aligned_with_safe_platform,normal,teacher_real_micro_20260803_034023_674665/episode_09,83,RIGHT,support_departure,depart_support_platform,normal,0.6458229598980185,0.36587399950037386,0.9871171559612332,0.6,0.4
teacher_real_micro_20260803_034023_674665/episode_06,46,RIGHT,support_departure,depart_support_platform,normal,teacher_real_micro_20260803_034023_674665/episode_01,27,RELEASE_ALL,aligned,aligned_with_safe_platform,normal,0.5913269293908312,0.31893190568234014,0.7961122556890246,0.4,0.8
teacher_real_micro_20260803_034023_674665/episode_06,47,RIGHT,support_departure,depart_support_platform,normal,teacher_real_micro_20260803_034023_674665/episode_02,129,LEFT,wall_guard,wall_guard_inward,normal,0.8451763653793526,4.025533620997233,4.243498511635684,0.2,0.0
teacher_real_micro_20260803_034023_674665/episode_06,48,RELEASE_ALL,aligned,aligned_with_safe_platform,normal,teacher_real_micro_20260803_034023_674665/episode_01,30,RIGHT,support_departure,depart_support_platform,normal,0.6239597122838922,0.37516645044644065,0.9981925067323891,0.8,0.2
teacher_real_micro_20260803_034023_674665/episode_06,49,LEFT,move,move_toward_safe_platform,normal,teacher_real_micro_20260803_034023_674665/episode_01,32,RELEASE_ALL,aligned,aligned_with_safe_platform,normal,0.6975685186106516,0.3740804898848133,0.5671687013576308,0.4,0.6
teacher_real_micro_20260803_034023_674665/episode_06,50,LEFT,support_departure,depart_support_platform,normal,teacher_real_micro_20260803_034023_674665/episode_01,14,RELEASE_ALL,aligned,aligned_with_safe_platform,normal,0.7502778677983265,0.5961928360670066,0.9190597597341832,0.2,0.6
teacher_real_micro_20260803_034023_674665/episode_06,51,LEFT,support_departure,depart_support_platform,normal,teacher_real_micro_20260803_034023_674665/episode_10,17,RELEASE_ALL,brake,direction_change_brake,normal,0.8333241122926052,0.6470662420375927,1.442024916186812,0.2,0.0
teacher_real_micro_20260803_034023_674665/episode_06,52,LEFT,support_departure,depart_support_platform,normal,teacher_real_micro_20260803_034023_674665/episode_10,17,RELEASE_ALL,brake,direction_change_brake,normal,0.7522461235909633,0.4400799660800535,1.6837208645351678,0.4,0.2
teacher_real_micro_20260803_034023_674665/episode_06,53,RELEASE_ALL,brake,direction_change_brake,normal,teacher_real_micro_20260803_034023_674665/episode_09,34,LEFT,support_departure,depart_support_platform,normal,0.7525196728124065,0.6875086212493138,1.7043200739239353,0.6,0.8
teacher_real_micro_20260803_034023_674665/episode_06,54,RIGHT,move,move_toward_deeper_safe_platform,normal,teacher_real_micro_20260803_034023_674665/episode_04,20,LEFT,move,move_toward_safe_platform,normal,1.0467361473912669,1.439043713520035,1.0186674375718836,0.6,0.2
teacher_real_micro_20260803_034023_674665/episode_06,55,RIGHT,move,move_toward_safe_platform,normal,teacher_real_micro_20260803_034023_674665/episode_02,137,RELEASE_ALL,brake,direction_change_brake,spikes,0.9362704870768285,2.3932127539586245,4.355391962979365,0.4,0.4
teacher_real_micro_20260803_034023_674665/episode_06,56,RELEASE_ALL,aligned,aligned_with_safe_platform,normal,teacher_real_micro_20260803_034023_674665/episode_02,138,LEFT,special_escape,escape_special_contact,spikes,1.0950686750529959,4.3659039516454685,3.147369307544948,0.6,0.6
teacher_real_micro_20260803_034023_674665/episode_06,57,RIGHT,support_departure,depart_support_platform,normal,teacher_real_micro_20260803_034023_674665/episode_02,82,RELEASE_ALL,aligned,aligned_with_safe_platform,normal,1.283063047407542,1.069065508331391,1.2908765956460695,0.4,0.4
teacher_real_micro_20260803_034023_674665/episode_06,58,RIGHT,support_departure,depart_support_platform,normal,teacher_real_micro_20260803_034023_674665/episode_02,75,RELEASE_ALL,aligned,aligned_with_visible_safe_platform,normal,1.1150768433036542,1.2426305041750638,1.1749777118397495,0.4,0.2
teacher_real_micro_20260803_034023_674665/episode_06,59,RIGHT,support_departure,depart_support_platform,normal,teacher_real_micro_20260803_034023_674665/episode_02,82,RELEASE_ALL,aligned,aligned_with_safe_platform,normal,0.8980852890547792,1.01900625804199,1.130850424805685,0.6,0.6
teacher_real_micro_20260803_034023_674665/episode_06,60,RIGHT,support_departure,depart_support_platform,normal,teacher_real_micro_20260803_034023_674665/episode_10,9,RELEASE_ALL,aligned,aligned_with_safe_platform,normal,0.5775770691095902,0.3167653804978017,1.0495228475706793,0.8,0.8
teacher_real_micro_20260803_034023_674665/episode_06,61,RELEASE_ALL,aligned,aligned_with_safe_platform,normal,teacher_real_micro_20260803_034023_674665/episode_08,29,LEFT,support_departure,depart_support_platform,normal,0.9890612105638997,0.7013572322127802,1.2583654702675178,0.4,0.2
teacher_real_micro_20260803_034023_674665/episode_06,62,RELEASE_ALL,aligned,aligned_with_safe_platform,normal,teacher_real_micro_20260803_034023_674665/episode_08,30,LEFT,support_departure,depart_support_platform,normal,1.2901668405481572,1.3952147913151967,1.403967874188667,0.4,0.2
teacher_real_micro_20260803_034023_674665/episode_06,63,LEFT,support_departure,depart_support_platform,flipping,teacher_real_micro_20260803_034023_674665/episode_10,12,RELEASE_ALL,aligned,aligned_with_safe_platform,normal,0.8665604888251024,0.4652849441310182,1.1571267304991988,0.8,0.4
teacher_real_micro_20260803_034023_674665/episode_06,64,LEFT,support_departure,depart_support_platform,flipping,teacher_real_micro_20260803_034023_674665/episode_04,9,RELEASE_ALL,aligned,aligned_with_safe_platform,normal,1.3418200092035024,1.265817979466795,1.502790161029734,0.4,0.0
teacher_real_micro_20260803_034023_674665/episode_06,65,LEFT,support_departure,depart_support_platform,flipping,teacher_real_micro_20260803_034023_674665/episode_09,111,RELEASE_ALL,aligned,aligned_with_safe_platform,normal,1.3126598843882917,0.8389795908780433,1.436951503538937,0.4,0.2
teacher_real_micro_20260803_034023_674665/episode_06,66,LEFT,support_departure,depart_support_platform,flipping,teacher_real_micro_20260803_034023_674665/episode_02,8,RELEASE_ALL,brake,direction_change_brake,normal,0.8461094426511209,0.609554516955453,1.5424058008126385,0.6,0.4
teacher_real_micro_20260803_034023_674665/episode_06,67,RELEASE_ALL,brake,direction_change_brake,flipping,teacher_real_micro_20260803_034023_674665/episode_08,11,LEFT,move,move_toward_safe_platform,normal,0.8163366616265635,1.1257348845584194,1.0902059404729796,0.6,0.4
teacher_real_micro_20260803_034023_674665/episode_06,68,RIGHT,move,move_toward_safe_platform,flipping,teacher_real_micro_20260803_034023_674665/episode_08,11,LEFT,move,move_toward_safe_platform,normal,0.9385499471516867,1.156368259128639,0.7310034152532079,0.8,0.0
teacher_real_micro_20260803_034023_674665/episode_06,69,RIGHT,move,move_toward_safe_platform,flipping,teacher_real_micro_20260803_034023_674665/episode_08,12,LEFT,move,move_toward_safe_platform,normal,0.985916119403771,0.7529267644345552,0.7247246617476067,0.8,0.6
teacher_real_micro_20260803_034023_674665/episode_06,70,RELEASE_ALL,aligned,aligned_with_visible_safe_platform,flipping,teacher_real_micro_20260803_034023_674665/episode_02,27,RIGHT,support_departure,depart_support_platform,flipping,1.2427962935153818,1.0980197379296757,1.3483106598010162,0.6,0.4
teacher_real_micro_20260803_034023_674665/episode_06,71,RELEASE_ALL,aligned,aligned_with_safe_platform,flipping,teacher_real_micro_20260803_034023_674665/episode_03,14,LEFT,support_departure,depart_support_platform,flipping,1.1179908001559855,1.0681387835118379,1.31803514414031,1.0,0.6
teacher_real_micro_20260803_034023_674665/episode_06,72,RELEASE_ALL,aligned,aligned_with_visible_safe_platform,flipping,teacher_real_micro_20260803_034023_674665/episode_03,14,LEFT,support_departure,depart_support_platform,flipping,0.8057579029011306,0.9589144142855406,1.1761829279149847,0.8,0.6
teacher_real_micro_20260803_034023_674665/episode_06,73,RIGHT,special_escape,escape_special_contact,spikes,teacher_real_micro_20260803_034023_674665/episode_03,14,LEFT,support_departure,depart_support_platform,flipping,1.0436788028132327,1.1621849622421443,2.2140603905867877,1.0,1.0
teacher_real_micro_20260803_034023_674665/episode_06,74,RIGHT,special_escape,escape_special_contact,spikes,teacher_real_micro_20260803_034023_674665/episode_02,100,LEFT,support_departure,depart_support_platform,flipping,1.2422053876773769,2.507385964196545,2.365791818828288,1.0,0.4
teacher_real_micro_20260803_034023_674665/episode_06,75,RELEASE_ALL,brake,direction_change_brake,spikes,teacher_real_micro_20260803_034023_674665/episode_02,65,LEFT,support_departure,depart_support_platform,normal,1.776194770072577,2.6954662671818967,3.9533361354762917,0.8,0.6
teacher_real_micro_20260803_034023_674665/episode_06,76,LEFT,move,reposition_for_unseen_landing,,teacher_real_micro_20260803_034023_674665/episode_08,52,RELEASE_ALL,brake,direction_change_brake,spikes,1.8636639152952397,7.961246101415514,3.543300025712964,0.2,0.2
teacher_real_micro_20260803_034023_674665/episode_06,77,LEFT,move,reposition_for_unseen_landing,,teacher_real_micro_20260803_034023_674665/episode_08,52,RELEASE_ALL,brake,direction_change_brake,spikes,2.2642645012468567,5.599918097312841,3.762185497851103,0.4,0.6
teacher_real_micro_20260803_034023_674665/episode_07,0,LEFT,support_departure,depart_support_platform,normal,teacher_real_micro_20260803_034023_674665/episode_05,0,RIGHT,support_departure,depart_support_platform,normal,0.3592272507308999,0.17961362536544995,0.3298916793700639,1.0,1.0
teacher_real_micro_20260803_034023_674665/episode_07,1,LEFT,support_departure,depart_support_platform,normal,teacher_real_micro_20260803_034023_674665/episode_05,1,RIGHT,support_departure,depart_support_platform,normal,0.41046308173940405,0.35369923308922846,0.3488696178005086,1.0,0.6
teacher_real_micro_20260803_034023_674665/episode_07,2,LEFT,support_departure,depart_support_platform,normal,teacher_real_micro_20260803_034023_674665/episode_05,2,RIGHT,support_departure,depart_support_platform,normal,0.5827676343771894,0.43335290623235745,0.43499868507506734,1.0,0.6
teacher_real_micro_20260803_034023_674665/episode_07,3,RELEASE_ALL,aligned,aligned_with_safe_platform,normal,teacher_real_micro_20260803_034023_674665/episode_01,109,RIGHT,support_departure,depart_support_platform,flipping,0.8932850085200644,1.0845318369045482,1.059577916325572,0.6,0.2
teacher_real_micro_20260803_034023_674665/episode_07,4,RELEASE_ALL,aligned,aligned_with_safe_platform,normal,teacher_real_micro_20260803_034023_674665/episode_06,27,LEFT,support_departure,depart_support_platform,normal,0.966222564208261,0.5387180192100515,0.9682430983497508,0.6,0.4
teacher_real_micro_20260803_034023_674665/episode_07,5,RELEASE_ALL,aligned,aligned_with_visible_safe_platform,normal,teacher_real_micro_20260803_034023_674665/episode_06,33,RIGHT,support_departure,depart_support_platform,normal,1.159141327637215,0.6062588407680781,1.0814412394272335,0.4,0.4
teacher_real_micro_20260803_034023_674665/episode_07,6,RIGHT,support_departure,depart_support_platform,normal,teacher_real_micro_20260803_034023_674665/episode_06,32,RELEASE_ALL,aligned,aligned_with_safe_platform,normal,0.9053628898146246,0.6138833291091783,0.9445155931001761,1.0,0.4
teacher_real_micro_20260803_034023_674665/episode_07,7,RIGHT,support_departure,depart_support_platform,normal,teacher_real_micro_20260803_034023_674665/episode_08,40,LEFT,support_departure,depart_support_platform,spring,0.7385934004701995,1.0434616837911483,0.9233578240683878,0.6,0.0
teacher_real_micro_20260803_034023_674665/episode_07,8,RELEASE_ALL,aligned,aligned_with_safe_platform,normal,teacher_real_micro_20260803_034023_674665/episode_04,25,RIGHT,move,move_toward_safe_platform,spring,0.6017742089769713,0.9497968355114957,0.6335432286847867,0.8,0.6
teacher_real_micro_20260803_034023_674665/episode_07,9,RELEASE_ALL,aligned,aligned_with_safe_platform,normal,teacher_real_micro_20260803_034023_674665/episode_08,41,LEFT,support_departure,depart_support_platform,spring,0.6794884551122861,1.3007658836356195,1.3278170711554174,0.6,0.0
teacher_real_micro_20260803_034023_674665/episode_07,10,RELEASE_ALL,aligned,aligned_with_safe_platform,normal,teacher_real_micro_20260803_034023_674665/episode_06,36,RIGHT,support_departure,depart_support_platform,normal,1.0028002320748375,1.1513049019976955,1.1639479711571905,0.6,0.0
teacher_real_micro_20260803_034023_674665/episode_07,11,RELEASE_ALL,aligned,aligned_with_visible_safe_platform,normal,teacher_real_micro_20260803_034023_674665/episode_01,110,RIGHT,support_departure,depart_support_platform,flipping,1.1209965597968097,1.209086312729497,1.3002675625044722,0.6,0.2
teacher_real_micro_20260803_034023_674665/episode_07,12,RELEASE_ALL,aligned,aligned_with_visible_safe_platform,normal,teacher_real_micro_20260803_034023_674665/episode_01,111,RIGHT,support_departure,depart_support_platform,flipping,1.0140046296194787,1.2329980930897886,1.370148426448655,0.6,0.4
teacher_real_micro_20260803_034023_674665/episode_07,13,LEFT,support_departure,depart_support_platform,normal,teacher_real_micro_20260803_034023_674665/episode_04,6,RIGHT,support_departure,depart_support_platform,normal,1.1348844580466217,0.5980520319899222,0.7398198762152768,0.8,0.8
teacher_real_micro_20260803_034023_674665/episode_07,14,LEFT,support_departure,depart_support_platform,normal,teacher_real_micro_20260803_034023_674665/episode_01,110,RIGHT,support_departure,depart_support_platform,flipping,1.225053316591771,0.9434740071834045,0.9453586407587742,0.8,0.4
teacher_real_micro_20260803_034023_674665/episode_07,15,RELEASE_ALL,aligned,aligned_with_safe_platform,normal,teacher_real_micro_20260803_034023_674665/episode_01,111,RIGHT,support_departure,depart_support_platform,flipping,1.00463824995552,0.8304854981056587,1.2278738295810119,0.4,0.2
teacher_real_micro_20260803_034023_674665/episode_07,16,RELEASE_ALL,aligned,aligned_with_safe_platform,normal,teacher_real_micro_20260803_034023_674665/episode_01,70,LEFT,support_departure,depart_support_platform,normal,1.1684098761599777,0.7407563566257569,1.1061145944522397,0.2,0.2
teacher_real_micro_20260803_034023_674665/episode_07,17,RELEASE_ALL,aligned,aligned_with_safe_platform,normal,teacher_real_micro_20260803_034023_674665/episode_01,78,LEFT,support_departure,depart_support_platform,normal,1.1502133358537199,0.8162964476008956,1.0904869769072274,0.2,0.2
teacher_real_micro_20260803_034023_674665/episode_07,18,RELEASE_ALL,aligned,aligned_with_visible_safe_platform,normal,teacher_real_micro_20260803_034023_674665/episode_09,114,RIGHT,support_departure,depart_support_platform,normal,0.8814410990600825,0.535765427682011,0.9623506529412897,0.4,0.2
teacher_real_micro_20260803_034023_674665/episode_07,19,RIGHT,support_departure,depart_support_platform,normal,teacher_real_micro_20260803_034023_674665/episode_01,108,RELEASE_ALL,aligned,aligned_with_visible_safe_platform,normal,0.9065317599007928,0.4983776783645866,1.005995559036531,0.2,0.4
teacher_real_micro_20260803_034023_674665/episode_07,21,RIGHT,support_departure,depart_support_platform,normal,teacher_real_micro_20260803_034023_674665/episode_01,87,RELEASE_ALL,aligned,aligned_with_safe_platform,normal,0.6758256106975646,0.3744699787714353,0.9589607313244853,0.6,0.6
teacher_real_micro_20260803_034023_674665/episode_07,22,RELEASE_ALL,brake,direction_change_brake,normal,teacher_real_micro_20260803_034023_674665/episode_09,22,LEFT,support_departure,depart_support_platform,normal,0.7760173071121121,0.5785596157427573,1.5451531530666531,0.2,0.2
teacher_real_micro_20260803_034023_674665/episode_07,23,LEFT,move,move_toward_safe_platform,normal,teacher_real_micro_20260803_034023_674665/episode_02,113,RELEASE_ALL,aligned,aligned_with_safe_platform,normal,0.7276022940391532,1.3757399438685562,0.5729418093072199,0.6,0.2
teacher_real_micro_20260803_034023_674665/episode_07,24,RELEASE_ALL,aligned,aligned_with_safe_platform,normal,teacher_real_micro_20260803_034023_674665/episode_01,89,LEFT,special_escape,escape_special_contact,spikes,0.7408249230309483,1.861412619881179,1.9744177669381862,0.8,0.4
teacher_real_micro_20260803_034023_674665/episode_07,25,RIGHT,support_departure,depart_support_platform,flipping,teacher_real_micro_20260803_034023_674665/episode_01,90,RELEASE_ALL,brake,direction_change_brake,spring,0.9595101874857208,2.0520115734450854,3.788614908402111,0.8,0.6
teacher_real_micro_20260803_034023_674665/episode_07,26,RIGHT,move,move_toward_safe_platform,flipping,teacher_real_micro_20260803_034023_674665/episode_09,71,LEFT,support_departure,depart_support_platform,normal,1.3778777413286742,1.4810714003014067,1.4826741829280472,0.6,0.4
teacher_real_micro_20260803_034023_674665/episode_07,27,RIGHT,move,move_toward_safe_platform,flipping,teacher_real_micro_20260803_034023_674665/episode_09,72,LEFT,support_departure,depart_support_platform,normal,1.2028093344309956,1.3879625423340602,1.3172783250962583,0.8,0.8
teacher_real_micro_20260803_034023_674665/episode_07,28,RELEASE_ALL,aligned,aligned_with_safe_platform,flipping,teacher_real_micro_20260803_034023_674665/episode_01,111,RIGHT,support_departure,depart_support_platform,flipping,1.4088660866844462,1.3496480585188313,1.4148438500829978,0.6,0.4
teacher_real_micro_20260803_034023_674665/episode_07,29,LEFT,support_departure,depart_support_platform,conveyor,teacher_real_micro_20260803_034023_674665/episode_09,74,RELEASE_ALL,recovery,aligned_with_recovery_platform,normal,1.3917934650249322,0.9083288073248135,1.7860502613091227,0.8,1.0
teacher_real_micro_20260803_034023_674665/episode_07,30,LEFT,move,move_toward_safe_platform,normal,teacher_real_micro_20260803_034023_674665/episode_04,28,RELEASE_ALL,brake,direction_change_brake,spring,1.3666513043631814,2.258013846276935,1.5683644546053581,1.0,0.2
teacher_real_micro_20260803_034023_674665/episode_07,31,LEFT,move,move_toward_safe_platform,normal,teacher_real_micro_20260803_034023_674665/episode_02,73,RELEASE_ALL,aligned,aligned_with_safe_platform,normal,1.0839223377969789,0.7981031728656305,0.775424492346568,0.6,0.2
teacher_real_micro_20260803_034023_674665/episode_07,32,LEFT,move,move_toward_safe_platform,normal,teacher_real_micro_20260803_034023_674665/episode_02,74,RELEASE_ALL,aligned,aligned_with_visible_safe_platform,normal,1.3548233165230588,0.9112537041780598,1.0142515208256566,0.8,0.4
teacher_real_micro_20260803_034023_674665/episode_07,33,RELEASE_ALL,aligned,aligned_with_safe_platform,normal,teacher_real_micro_20260803_034023_674665/episode_06,7,LEFT,support_departure,depart_support_platform,spring,1.5149286367593233,1.5598832939718887,1.6194076058471383,0.2,0.4
teacher_real_micro_20260803_034023_674665/episode_07,34,RELEASE_ALL,aligned,aligned_with_safe_platform,normal,teacher_real_micro_20260803_034023_674665/episode_04,22,RIGHT,support_departure,depart_support_platform,spring,1.9900173765429372,1.000002703769033,1.7659196119600389,0.4,0.4
teacher_real_micro_20260803_034023_674665/episode_07,35,RELEASE_ALL,aligned,aligned_with_safe_platform,normal,teacher_real_micro_20260803_034023_674665/episode_09,24,RIGHT,special_escape,escape_special_contact,spikes,1.6638252561597808,1.4329278482350003,2.337129771209429,0.6,0.4
teacher_real_micro_20260803_034023_674665/episode_07,36,RIGHT,support_departure,depart_support_platform,normal,teacher_real_micro_20260803_034023_674665/episode_03,5,RELEASE_ALL,aligned,aligned_with_visible_safe_platform,normal,1.3564014280034677,0.9130705976694579,1.1029514851200029,0.4,0.6
teacher_real_micro_20260803_034023_674665/episode_07,37,RIGHT,support_departure,depart_support_platform,normal,teacher_real_micro_20260803_034023_674665/episode_09,79,RELEASE_ALL,aligned,aligned_with_safe_platform,normal,1.0575530703829674,0.8103945931490646,1.0833503999771585,0.4,0.0
teacher_real_micro_20260803_034023_674665/episode_07,38,RELEASE_ALL,aligned,aligned_with_safe_platform,normal,teacher_real_micro_20260803_034023_674665/episode_05,2,RIGHT,support_departure,depart_support_platform,normal,0.8332206451106573,0.4202037930382575,1.012412613929055,0.4,0.6
teacher_real_micro_20260803_034023_674665/episode_07,39,RELEASE_ALL,aligned,aligned_with_safe_platform,normal,teacher_real_micro_20260803_034023_674665/episode_09,78,LEFT,support_departure,depart_support_platform,normal,0.8092897739648626,1.0007322643408618,1.0023806402366489,0.2,0.2
teacher_real_micro_20260803_034023_674665/episode_07,40,RIGHT,support_departure,depart_support_platform,normal,teacher_real_micro_20260803_034023_674665/episode_05,4,RELEASE_ALL,aligned,aligned_with_safe_platform,normal,0.7248263883190306,0.43433820831607234,0.8427524578338702,0.8,0.4
teacher_real_micro_20260803_034023_674665/episode_07,41,RIGHT,support_departure,depart_support_platform,normal,teacher_real_micro_20260803_034023_674665/episode_01,6,LEFT,support_departure,depart_support_platform,normal,0.8716022226556612,0.5859165050415304,0.5816440474703544,1.0,0.0
teacher_real_micro_20260803_034023_674665/episode_07,42,RELEASE_ALL,aligned,aligned_with_safe_platform,normal,teacher_real_micro_20260803_034023_674665/episode_09,51,RIGHT,support_departure,depart_support_platform,normal,0.9732511207575124,0.6612491332981013,1.1633545231038167,0.2,0.6
teacher_real_micro_20260803_034023_674665/episode_07,43,RELEASE_ALL,aligned,aligned_with_safe_platform,normal,teacher_real_micro_20260803_034023_674665/episode_09,52,RIGHT,support_departure,depart_support_platform,normal,1.068871327574904,1.19910062688298,1.181366883222574,0.4,0.4
teacher_real_micro_20260803_034023_674665/episode_07,44,LEFT,support_departure,depart_support_platform,conveyor,teacher_real_micro_20260803_034023_674665/episode_02,78,RIGHT,launch,escape_launch_platform_dwell,normal,1.0576496468560699,0.8001354025472909,2.588277945081346,0.6,0.6
teacher_real_micro_20260803_034023_674665/episode_07,45,LEFT,support_departure,depart_support_platform,conveyor,teacher_real_micro_20260803_034023_674665/episode_01,114,RELEASE_ALL,aligned,aligned_with_safe_platform,flipping,1.1723701951547132,1.5124233253273986,1.6992861289514356,0.4,0.2
teacher_real_micro_20260803_034023_674665/episode_07,46,LEFT,support_departure,depart_support_platform,conveyor,teacher_real_micro_20260803_034023_674665/episode_02,14,RELEASE_ALL,aligned,aligned_with_safe_platform,flipping,1.237459122227122,1.2451920745602472,1.7109229050397563,0.6,0.6
teacher_real_micro_20260803_034023_674665/episode_07,47,LEFT,support_departure,depart_support_platform,conveyor,teacher_real_micro_20260803_034023_674665/episode_04,4,RELEASE_ALL,aligned,aligned_with_visible_safe_platform,normal,1.3324125214005653,1.7708751717635183,1.7395720379673358,0.4,0.4
teacher_real_micro_20260803_034023_674665/episode_07,48,RELEASE_ALL,brake,direction_change_brake,conveyor,teacher_real_micro_20260803_034023_674665/episode_09,90,LEFT,support_departure,depart_support_platform,flipping,1.2323574260728667,1.3644547160198153,1.7564982681641494,0.4,0.4
teacher_real_micro_20260803_034023_674665/episode_07,49,RIGHT,move,move_toward_safe_platform,flipping,teacher_real_micro_20260803_034023_674665/episode_09,74,RELEASE_ALL,recovery,aligned_with_recovery_platform,normal,1.126480518284882,1.2879501544988319,0.935914450346006,1.0,0.0
teacher_real_micro_20260803_034023_674665/episode_07,50,RIGHT,move,move_toward_safe_platform,flipping,teacher_real_micro_20260803_034023_674665/episode_09,75,RELEASE_ALL,recovery,aligned_with_recovery_platform,normal,1.0546800643450844,0.8992438435487367,0.9078439021325092,1.0,0.8
teacher_real_micro_20260803_034023_674665/episode_07,51,RELEASE_ALL,aligned,aligned_with_safe_platform,normal,teacher_real_micro_20260803_034023_674665/episode_09,76,LEFT,support_departure,depart_support_platform,normal,1.0432749204414844,0.900306126390257,0.9526298593080137,0.8,0.6
teacher_real_micro_20260803_034023_674665/episode_07,52,LEFT,support_departure,depart_support_platform,flipping,teacher_real_micro_20260803_034023_674665/episode_01,114,RELEASE_ALL,aligned,aligned_with_safe_platform,flipping,1.1620811335743086,0.7087269210138173,1.172323170148716,0.8,1.0
teacher_real_micro_20260803_034023_674665/episode_07,53,LEFT,support_departure,depart_support_platform,flipping,teacher_real_micro_20260803_034023_674665/episode_01,32,RELEASE_ALL,aligned,aligned_with_safe_platform,normal,1.121801301281997,1.1647943069090263,1.3520955239700516,0.4,0.0
teacher_real_micro_20260803_034023_674665/episode_07,54,LEFT,support_departure,depart_support_platform,flipping,teacher_real_micro_20260803_034023_674665/episode_01,36,RELEASE_ALL,aligned,aligned_with_safe_platform,flipping,0.9514223991103382,0.49651814201975897,1.1804056906021487,0.4,0.8
teacher_real_micro_20260803_034023_674665/episode_07,55,LEFT,support_departure,depart_support_platform,flipping,teacher_real_micro_20260803_034023_674665/episode_01,36,RELEASE_ALL,aligned,aligned_with_safe_platform,flipping,0.8454465871018394,0.4432986621706486,1.1395345374596915,0.4,0.8
teacher_real_micro_20260803_034023_674665/episode_07,56,RELEASE_ALL,aligned,aligned_with_safe_platform,flipping,teacher_real_micro_20260803_034023_674665/episode_01,35,LEFT,support_departure,depart_support_platform,flipping,0.99364302746586,0.5221366566119459,1.1252103908275248,0.6,0.2
teacher_real_micro_20260803_034023_674665/episode_07,57,RIGHT,move,move_toward_safe_platform,flipping,teacher_real_micro_20260803_034023_674665/episode_01,37,LEFT,support_departure,depart_support_platform,spring,0.9821276747333109,0.5236380977145441,1.4281238992482834,0.8,0.6
teacher_real_micro_20260803_034023_674665/episode_07,58,RIGHT,support_departure,depart_support_platform,normal,teacher_real_micro_20260803_034023_674665/episode_03,42,RELEASE_ALL,aligned,aligned_with_visible_safe_platform,flipping,1.0692302569317325,0.5840168740455879,1.1905153055197268,0.8,0.8
teacher_real_micro_20260803_034023_674665/episode_07,61,RIGHT,move,move_toward_safe_platform,normal,teacher_real_micro_20260803_034023_674665/episode_03,5,RELEASE_ALL,aligned,aligned_with_visible_safe_platform,normal,1.330116314471146,0.7369580423406215,0.9715201356148322,0.4,0.4
teacher_real_micro_20260803_034023_674665/episode_07,62,RIGHT,move,move_toward_safe_platform,normal,teacher_real_micro_20260803_034023_674665/episode_09,85,RELEASE_ALL,aligned,aligned_with_safe_platform,normal,1.4961286411361587,0.9993018444073044,1.053262594020726,0.4,0.2
teacher_real_micro_20260803_034023_674665/episode_08,1,RIGHT,support_departure,depart_support_platform,normal,teacher_real_micro_20260803_034023_674665/episode_02,2,RELEASE_ALL,aligned,aligned_with_safe_platform,normal,0.47328513531492455,0.41302089824240185,0.894988729604087,0.2,0.0
teacher_real_micro_20260803_034023_674665/episode_08,2,RIGHT,support_departure,depart_support_platform,normal,teacher_real_micro_20260803_034023_674665/episode_02,2,RELEASE_ALL,aligned,aligned_with_safe_platform,normal,0.4041929520376491,0.20326985413569934,0.8535881097382428,0.4,0.6
teacher_real_micro_20260803_034023_674665/episode_08,3,RELEASE_ALL,aligned,aligned_with_safe_platform,normal,teacher_real_micro_20260803_034023_674665/episode_10,2,RIGHT,support_departure,depart_support_platform,normal,0.5053848765522356,0.2751081921431415,0.934611121166387,0.2,0.2
teacher_real_micro_20260803_034023_674665/episode_08,4,RELEASE_ALL,aligned,aligned_with_safe_platform,normal,teacher_real_micro_20260803_034023_674665/episode_10,8,RIGHT,support_departure,depart_support_platform,normal,0.47739188993387466,0.733781678161547,0.9034675981602972,0.4,0.2
teacher_real_micro_20260803_034023_674665/episode_08,5,RELEASE_ALL,aligned,aligned_with_visible_safe_platform,normal,teacher_real_micro_20260803_034023_674665/episode_01,101,LEFT,support_departure,depart_support_platform,normal,0.47823726244946035,0.4614505617211126,0.7561996356771843,0.2,0.2
teacher_real_micro_20260803_034023_674665/episode_08,6,RELEASE_ALL,aligned,aligned_with_visible_safe_platform,normal,teacher_real_micro_20260803_034023_674665/episode_10,7,RIGHT,support_departure,depart_support_platform,normal,0.734925569987942,0.38994873581704986,0.9513085920177572,0.4,0.2
teacher_real_micro_20260803_034023_674665/episode_08,7,RELEASE_ALL,aligned,aligned_with_visible_safe_platform,normal,teacher_real_micro_20260803_034023_674665/episode_01,110,RIGHT,support_departure,depart_support_platform,flipping,0.967252182237025,1.2063311652721322,1.4749992919987207,0.2,0.2
teacher_real_micro_20260803_034023_674665/episode_08,8,LEFT,launch,escape_launch_platform_dwell,normal,teacher_real_micro_20260803_034023_674665/episode_10,12,RELEASE_ALL,aligned,aligned_with_safe_platform,normal,0.6308100912441056,0.5115403458523764,2.188070666534114,0.8,0.8
teacher_real_micro_20260803_034023_674665/episode_08,9,LEFT,support_departure,depart_support_platform,normal,teacher_real_micro_20260803_034023_674665/episode_04,9,RELEASE_ALL,aligned,aligned_with_safe_platform,normal,0.8619378878948047,2.1652059276636457,0.9497413442894728,0.4,0.4
teacher_real_micro_20260803_034023_674665/episode_08,10,LEFT,move,move_toward_safe_platform,normal,teacher_real_micro_20260803_034023_674665/episode_10,7,RIGHT,support_departure,depart_support_platform,normal,0.8574462457746403,1.0101595664653837,1.0043504204728255,0.6,0.0
teacher_real_micro_20260803_034023_674665/episode_08,11,LEFT,move,move_toward_safe_platform,normal,teacher_real_micro_20260803_034023_674665/episode_10,18,RIGHT,move,move_toward_safe_platform,normal,0.5931364284185291,0.9101927017180214,0.4840618582905468,0.6,0.2
teacher_real_micro_20260803_034023_674665/episode_08,12,LEFT,move,move_toward_safe_platform,normal,teacher_real_micro_20260803_034023_674665/episode_10,19,RIGHT,move,move_toward_safe_platform,normal,0.6371241085930768,0.505228337751135,0.5263801353213823,0.6,0.6
teacher_real_micro_20260803_034023_674665/episode_08,13,RELEASE_ALL,aligned,aligned_with_safe_platform,normal,teacher_real_micro_20260803_034023_674665/episode_04,15,LEFT,support_departure,depart_support_platform,normal,0.7469343889391259,0.6027345554657706,0.8119659886732702,0.2,0.6
teacher_real_micro_20260803_034023_674665/episode_08,14,RIGHT,support_departure,depart_support_platform,normal,teacher_real_micro_20260803_034023_674665/episode_01,107,RELEASE_ALL,aligned,aligned_with_visible_safe_platform,normal,0.7203931780002172,0.3982106274121144,0.8263039922347837,0.6,0.6
teacher_real_micro_20260803_034023_674665/episode_08,15,RIGHT,move,move_toward_safe_platform,normal,teacher_real_micro_20260803_034023_674665/episode_01,108,RELEASE_ALL,aligned,aligned_with_visible_safe_platform,normal,0.8178055327960881,0.8668589957945227,0.8730982904799744,0.6,0.2
teacher_real_micro_20260803_034023_674665/episode_08,16,RELEASE_ALL,aligned,aligned_with_safe_platform,normal,teacher_real_micro_20260803_034023_674665/episode_06,35,RIGHT,support_departure,depart_support_platform,normal,0.7973057055659499,0.9435609325831424,1.0734987863169427,0.4,0.6
teacher_real_micro_20260803_034023_674665/episode_08,17,RELEASE_ALL,aligned,aligned_with_visible_safe_platform,normal,teacher_real_micro_20260803_034023_674665/episode_01,100,LEFT,move,move_toward_safe_platform,normal,0.7047966834189313,0.39313659052118016,0.6578950082927288,0.2,0.4
teacher_real_micro_20260803_034023_674665/episode_08,18,RELEASE_ALL,aligned,aligned_with_visible_safe_platform,normal,teacher_real_micro_20260803_034023_674665/episode_01,101,LEFT,support_departure,depart_support_platform,normal,0.8198454298106825,0.7134202031680362,0.9264782362683237,0.4,0.4
teacher_real_micro_20260803_034023_674665/episode_08,19,LEFT,support_departure,depart_support_platform,normal,teacher_real_micro_20260803_034023_674665/episode_01,99,RELEASE_ALL,aligned,aligned_with_safe_platform,normal,0.4697564501611674,0.850477756009083,0.7173903865548167,0.4,1.0
teacher_real_micro_20260803_034023_674665/episode_08,20,LEFT,support_departure,depart_support_platform,normal,teacher_real_micro_20260803_034023_674665/episode_01,99,RELEASE_ALL,aligned,aligned_with_safe_platform,normal,0.619545930500302,0.6236001618729146,0.9467632039217315,0.4,0.0
teacher_real_micro_20260803_034023_674665/episode_08,21,RELEASE_ALL,brake,direction_change_brake,normal,teacher_real_micro_20260803_034023_674665/episode_01,101,LEFT,support_departure,depart_support_platform,normal,0.5484980854907174,0.8144152886624401,1.0756740801646942,0.8,0.8
teacher_real_micro_20260803_034023_674665/episode_08,22,RIGHT,special_escape,escape_special_contact,spikes,teacher_real_micro_20260803_034023_674665/episode_01,106,RELEASE_ALL,aligned,aligned_with_safe_platform,normal,0.5147086528204573,0.7855350898968543,1.7259302903981886,1.0,0.0
teacher_real_micro_20260803_034023_674665/episode_08,23,RIGHT,special_escape,escape_special_contact,spikes,teacher_real_micro_20260803_034023_674665/episode_04,15,LEFT,support_departure,depart_support_platform,normal,0.5771043572951752,1.778577145382406,1.8871487188033895,1.0,0.0
teacher_real_micro_20260803_034023_674665/episode_08,24,RIGHT,special_escape,escape_special_contact,spikes,teacher_real_micro_20260803_034023_674665/episode_01,102,LEFT,support_departure,depart_support_platform,normal,0.6465419197539656,1.8984096775238284,1.8438849460552693,0.8,0.2
teacher_real_micro_20260803_034023_674665/episode_08,25,RELEASE_ALL,recovery,aligned_with_recovery_platform,normal,teacher_real_micro_20260803_034023_674665/episode_01,103,LEFT,support_departure,depart_support_platform,normal,0.7664714951658851,1.876050183967985,1.1031128450470027,0.6,0.8
teacher_real_micro_20260803_034023_674665/episode_08,26,RELEASE_ALL,recovery,aligned_with_recovery_platform,normal,teacher_real_micro_20260803_034023_674665/episode_01,104,LEFT,support_departure,depart_support_platform,normal,0.7681207368058603,1.0917041975752642,1.1046746668078042,0.2,0.0
teacher_real_micro_20260803_034023_674665/episode_08,27,LEFT,support_departure,depart_support_platform,normal,teacher_real_micro_20260803_034023_674665/episode_10,5,RELEASE_ALL,aligned,aligned_with_visible_safe_platform,normal,0.5583170764753854,0.4212246771132902,0.816187689019994,0.8,0.8
teacher_real_micro_20260803_034023_674665/episode_08,28,LEFT,support_departure,depart_support_platform,normal,teacher_real_micro_20260803_034023_674665/episode_10,9,RELEASE_ALL,aligned,aligned_with_safe_platform,normal,0.6029433771672568,0.6377644910252721,1.0599247572122228,0.6,0.0
teacher_real_micro_20260803_034023_674665/episode_08,29,LEFT,support_departure,depart_support_platform,normal,teacher_real_micro_20260803_034023_674665/episode_10,10,RELEASE_ALL,aligned,aligned_with_safe_platform,normal,0.6131366107043248,1.051713302778698,1.1040709426752864,0.6,0.0
teacher_real_micro_20260803_034023_674665/episode_08,30,LEFT,support_departure,depart_support_platform,normal,teacher_real_micro_20260803_034023_674665/episode_02,4,RELEASE_ALL,aligned,aligned_with_safe_platform,normal,0.6647122149518457,1.0239860849260694,1.053044499673465,0.8,0.6
teacher_real_micro_20260803_034023_674665/episode_08,31,RELEASE_ALL,recovery,aligned_with_recovery_platform,normal,teacher_real_micro_20260803_034023_674665/episode_09,107,RIGHT,move,move_toward_safe_platform,normal,0.6629926714471529,1.0447869273583537,0.620109027103801,0.8,0.0
teacher_real_micro_20260803_034023_674665/episode_08,32,RIGHT,recovery,move_toward_recovery_platform,normal,teacher_real_micro_20260803_034023_674665/episode_02,119,RELEASE_ALL,aligned,aligned_with_safe_platform,spring,0.7453222146948375,1.3339959886112551,0.7650432238639757,0.8,1.0
teacher_real_micro_20260803_034023_674665/episode_08,33,RELEASE_ALL,recovery,aligned_with_recovery_platform,normal,teacher_real_micro_20260803_034023_674665/episode_02,120,RIGHT,special_escape,escape_special_contact,spring,0.7732727446813811,0.7732537960630441,2.0065240699993274,0.2,0.0
teacher_real_micro_20260803_034023_674665/episode_08,34,RIGHT,support_departure,depart_support_platform,normal,teacher_real_micro_20260803_034023_674665/episode_01,108,RELEASE_ALL,aligned,aligned_with_visible_safe_platform,normal,0.5736116129335114,0.509451502646568,0.8263471469522325,0.6,0.6
teacher_real_micro_20260803_034023_674665/episode_08,35,RIGHT,support_departure,depart_support_platform,normal,teacher_real_micro_20260803_034023_674665/episode_01,21,LEFT,support_departure,depart_support_platform,normal,0.5857099651745215,0.48592085883109115,0.484973000526065,0.6,0.0
teacher_real_micro_20260803_034023_674665/episode_08,36,RELEASE_ALL,brake,direction_change_brake,normal,teacher_real_micro_20260803_034023_674665/episode_09,16,RIGHT,support_departure,depart_support_platform,normal,0.44856147217944475,0.2295792716487348,1.2760166876454466,0.6,0.4
teacher_real_micro_20260803_034023_674665/episode_08,37,LEFT,recovery,move_toward_recovery_platform,normal,teacher_real_micro_20260803_034023_674665/episode_09,17,RELEASE_ALL,brake,direction_change_brake,normal,0.48114143168624485,1.2730285616604342,0.9089054523765574,0.8,0.2
teacher_real_micro_20260803_034023_674665/episode_08,38,LEFT,support_departure,depart_support_platform,spring,teacher_real_micro_20260803_034023_674665/episode_10,5,RELEASE_ALL,aligned,aligned_with_visible_safe_platform,normal,0.6340039554400276,0.574862983522008,1.174174740613207,0.2,0.4
teacher_real_micro_20260803_034023_674665/episode_08,39,LEFT,support_departure,depart_support_platform,spring,teacher_real_micro_20260803_034023_674665/episode_10,17,RELEASE_ALL,brake,direction_change_brake,normal,0.6197652400234734,0.8846468963236653,1.662922345755402,0.2,0.2
teacher_real_micro_20260803_034023_674665/episode_08,40,LEFT,support_departure,depart_support_platform,spring,teacher_real_micro_20260803_034023_674665/episode_01,23,RELEASE_ALL,aligned,aligned_with_safe_platform,normal,0.513056069574269,1.1186344324882294,1.1942486135567982,0.4,0.4
teacher_real_micro_20260803_034023_674665/episode_08,41,LEFT,support_departure,depart_support_platform,spring,teacher_real_micro_20260803_034023_674665/episode_01,105,RELEASE_ALL,aligned,aligned_with_safe_platform,normal,0.36323217518280826,0.5613651559137108,1.1514386401592631,0.6,0.6
teacher_real_micro_20260803_034023_674665/episode_08,42,RELEASE_ALL,brake,direction_change_brake,normal,teacher_real_micro_20260803_034023_674665/episode_04,19,LEFT,move,move_toward_safe_platform,normal,0.49772980938551353,0.6441596344605802,0.9173847777653225,0.4,0.6
teacher_real_micro_20260803_034023_674665/episode_08,43,RIGHT,recovery,approach_visible_recovery_platform,normal,teacher_real_micro_20260803_034023_674665/episode_01,106,RELEASE_ALL,aligned,aligned_with_safe_platform,normal,0.5878538306897825,0.8566649297783122,0.6557763993529951,0.6,0.0
teacher_real_micro_20260803_034023_674665/episode_08,44,RIGHT,recovery,move_toward_recovery_platform,normal,teacher_real_micro_20260803_034023_674665/episode_01,107,RELEASE_ALL,aligned,aligned_with_visible_safe_platform,normal,0.7124051012765693,0.7178170657917115,0.7550239180577718,0.6,0.4
teacher_real_micro_20260803_034023_674665/episode_08,45,RIGHT,move,reposition_for_unseen_landing,,teacher_real_micro_20260803_034023_674665/episode_05,15,RELEASE_ALL,no_target,no_reachable_landing,,0.9775757533084403,1.265071398684881,1.5181171834475022,0.6,0.2
teacher_real_micro_20260803_034023_674665/episode_08,46,RELEASE_ALL,recovery,aligned_with_visible_recovery_platform,normal,teacher_real_micro_20260803_034023_674665/episode_09,16,RIGHT,support_departure,depart_support_platform,normal,1.2225501637693372,0.9854618475697469,1.1471535997096993,0.4,0.6
teacher_real_micro_20260803_034023_674665/episode_08,47,RELEASE_ALL,recovery,aligned_with_visible_recovery_platform,normal,teacher_real_micro_20260803_034023_674665/episode_01,109,RIGHT,support_departure,depart_support_platform,flipping,1.3163048165724387,0.8616432827672715,1.2985052469811098,0.2,0.6
teacher_real_micro_20260803_034023_674665/episode_08,48,RELEASE_ALL,recovery,aligned_with_visible_recovery_platform,normal,teacher_real_micro_20260803_034023_674665/episode_04,18,LEFT,support_departure,depart_support_platform,normal,1.2244613115190883,1.2281864978429704,1.334207932466572,0.4,0.4
teacher_real_micro_20260803_034023_674665/episode_08,49,RIGHT,launch,escape_launch_platform_dwell,normal,teacher_real_micro_20260803_034023_674665/episode_01,108,RELEASE_ALL,aligned,aligned_with_visible_safe_platform,normal,0.8098218718051833,0.5778520176492481,2.060971968192898,0.8,0.6
teacher_real_micro_20260803_034023_674665/episode_08,50,RIGHT,launch,escape_launch_platform,launch_platform,teacher_real_micro_20260803_034023_674665/episode_02,2,RELEASE_ALL,aligned,aligned_with_safe_platform,normal,0.7186064274420579,2.0211549876482335,2.4435954875456254,0.4,0.4
teacher_real_micro_20260803_034023_674665/episode_08,51,RIGHT,special_escape,escape_special_contact,spikes,teacher_real_micro_20260803_034023_674665/episode_02,2,RELEASE_ALL,aligned,aligned_with_safe_platform,normal,0.5865444367156192,2.16181126460009,5.216984389886733,0.8,0.4
teacher_real_micro_20260803_034023_674665/episode_08,52,RELEASE_ALL,brake,direction_change_brake,spikes,teacher_real_micro_20260803_034023_674665/episode_10,2,RIGHT,support_departure,depart_support_platform,normal,0.7327669751937191,5.026636940101237,3.153055484196486,0.4,0.8
teacher_real_micro_20260803_034023_674665/episode_08,53,LEFT,recovery,approach_visible_recovery_platform,normal,teacher_real_micro_20260803_034023_674665/episode_10,4,RELEASE_ALL,aligned,aligned_with_safe_platform,normal,0.9452829994785098,2.9083129984972853,0.8619731752620656,0.8,0.2
teacher_real_micro_20260803_034023_674665/episode_09,0,LEFT,support_departure,depart_support_platform,normal,teacher_real_micro_20260803_034023_674665/episode_06,0,RIGHT,support_departure,depart_support_platform,normal,0.3722592731892367,0.18612963659461834,0.33640769059923226,1.0,1.0
teacher_real_micro_20260803_034023_674665/episode_09,1,LEFT,support_departure,depart_support_platform,normal,teacher_real_micro_20260803_034023_674665/episode_06,1,RIGHT,support_departure,depart_support_platform,normal,0.43687602724139973,0.3669057058402263,0.3620528815071726,1.0,0.6
teacher_real_micro_20260803_034023_674665/episode_09,2,RELEASE_ALL,aligned,aligned_with_safe_platform,normal,teacher_real_micro_20260803_034023_674665/episode_06,1,RIGHT,support_departure,depart_support_platform,normal,0.6341065879246103,0.6126869590643225,0.8917668171613455,0.6,0.2
teacher_real_micro_20260803_034023_674665/episode_09,3,RELEASE_ALL,aligned,aligned_with_safe_platform,normal,teacher_real_micro_20260803_034023_674665/episode_06,3,LEFT,move,move_toward_safe_platform,normal,0.6523054131235448,0.35564677557283736,0.5400891413551503,0.6,0.4
teacher_real_micro_20260803_034023_674665/episode_09,4,RELEASE_ALL,aligned,aligned_with_safe_platform,normal,teacher_real_micro_20260803_034023_674665/episode_06,3,LEFT,move,move_toward_safe_platform,normal,0.884068170897688,0.4937574369307096,0.6917569224152587,0.4,0.4
teacher_real_micro_20260803_034023_674665/episode_09,5,RELEASE_ALL,aligned,aligned_with_visible_safe_platform,normal,teacher_real_micro_20260803_034023_674665/episode_01,86,RIGHT,support_departure,depart_support_platform,normal,0.830261979612427,1.0453556223216804,1.0237370995892994,0.4,0.4
teacher_real_micro_20260803_034023_674665/episode_09,6,RIGHT,support_departure,depart_support_platform,normal,teacher_real_micro_20260803_034023_674665/episode_01,87,RELEASE_ALL,aligned,aligned_with_safe_platform,normal,0.7021134222068438,0.9482602593787193,0.8375668298328749,0.4,0.8
teacher_real_micro_20260803_034023_674665/episode_09,7,RIGHT,move,move_toward_safe_platform,normal,teacher_real_micro_20260803_034023_674665/episode_01,87,RELEASE_ALL,aligned,aligned_with_safe_platform,normal,0.5547249155361913,0.4902553281893375,0.565928537755446,0.6,0.2
teacher_real_micro_20260803_034023_674665/episode_09,8,RELEASE_ALL,brake,direction_change_brake,spikes,teacher_real_micro_20260803_034023_674665/episode_01,88,LEFT,special_escape,escape_special_contact,spikes,0.5994880830993129,0.5890717594982382,0.9811690303403104,0.8,0.4
teacher_real_micro_20260803_034023_674665/episode_09,9,LEFT,special_escape,escape_special_contact,spikes,teacher_real_micro_20260803_034023_674665/episode_08,23,RIGHT,special_escape,escape_special_contact,spikes,0.8045409245442217,1.5741356163069433,1.4624161940147342,0.8,0.4
teacher_real_micro_20260803_034023_674665/episode_09,10,LEFT,special_escape,escape_special_contact,spikes,teacher_real_micro_20260803_034023_674665/episode_08,24,RIGHT,special_escape,escape_special_contact,spikes,0.7936858912404009,1.4389615040641357,2.594201103858063,0.6,0.8
teacher_real_micro_20260803_034023_674665/episode_09,11,RELEASE_ALL,recovery,aligned_with_recovery_platform,normal,teacher_real_micro_20260803_034023_674665/episode_01,103,LEFT,support_departure,depart_support_platform,normal,0.9922450262170095,3.6122135951139063,1.167759404918253,0.6,0.2
teacher_real_micro_20260803_034023_674665/episode_09,12,RELEASE_ALL,recovery,aligned_with_recovery_platform,normal,teacher_real_micro_20260803_034023_674665/episode_08,35,RIGHT,support_departure,depart_support_platform,normal,0.9592263366423478,0.9486010762500814,1.092747428267187,0.6,0.4
teacher_real_micro_20260803_034023_674665/episode_09,13,RELEASE_ALL,recovery,aligned_with_recovery_platform,normal,teacher_real_micro_20260803_034023_674665/episode_08,27,LEFT,support_departure,depart_support_platform,normal,0.8213900648778386,0.4235117491780738,0.935202145203494,0.8,0.6
teacher_real_micro_20260803_034023_674665/episode_09,14,RIGHT,support_departure,depart_support_platform,normal,teacher_real_micro_20260803_034023_674665/episode_01,108,RELEASE_ALL,aligned,aligned_with_visible_safe_platform,normal,0.770082996630567,0.5708573823293636,0.9430953258964192,0.6,0.8
teacher_real_micro_20260803_034023_674665/episode_09,15,RIGHT,support_departure,depart_support_platform,normal,teacher_real_micro_20260803_034023_674665/episode_01,21,LEFT,support_departure,depart_support_platform,normal,0.7114089274495929,0.5450804650894052,0.5623420597988663,0.8,0.0
teacher_real_micro_20260803_034023_674665/episode_09,16,RIGHT,support_departure,depart_support_platform,normal,teacher_real_micro_20260803_034023_674665/episode_08,36,RELEASE_ALL,brake,direction_change_brake,normal,0.44856147217944475,0.2295792716487348,1.2760166876454466,1.0,0.8
teacher_real_micro_20260803_034023_674665/episode_09,17,RELEASE_ALL,brake,direction_change_brake,normal,teacher_real_micro_20260803_034023_674665/episode_08,37,LEFT,recovery,move_toward_recovery_platform,normal,0.48114143168624485,1.2730285616604342,0.9089054523765574,0.2,0.2
teacher_real_micro_20260803_034023_674665/episode_09,18,LEFT,recovery,move_toward_recovery_platform,normal,teacher_real_micro_20260803_034023_674665/episode_10,5,RELEASE_ALL,aligned,aligned_with_visible_safe_platform,normal,0.7506384678914462,1.045508285663915,0.7850441961979979,0.2,0.4
teacher_real_micro_20260803_034023_674665/episode_09,19,LEFT,support_departure,depart_support_platform,normal,teacher_real_micro_20260803_034023_674665/episode_10,4,RELEASE_ALL,aligned,aligned_with_safe_platform,normal,0.7780195823802929,0.6398249596756149,0.9101359890943687,0.4,0.4
teacher_real_micro_20260803_034023_674665/episode_09,20,LEFT,support_departure,depart_support_platform,normal,teacher_real_micro_20260803_034023_674665/episode_02,8,RELEASE_ALL,brake,direction_change_brake,normal,0.6734545902437804,0.5420478388769334,1.3450062867795114,0.4,0.0
teacher_real_micro_20260803_034023_674665/episode_09,21,LEFT,support_departure,depart_support_platform,normal,teacher_real_micro_20260803_034023_674665/episode_02,8,RELEASE_ALL,brake,direction_change_brake,normal,0.5342424732711171,0.3175215709190451,1.2864167761994247,0.8,0.4
teacher_real_micro_20260803_034023_674665/episode_09,22,LEFT,support_departure,depart_support_platform,normal,teacher_real_micro_20260803_034023_674665/episode_08,22,RIGHT,special_escape,escape_special_contact,spikes,0.5800773634128971,1.2841334172536536,1.834035707927118,0.6,0.6
teacher_real_micro_20260803_034023_674665/episode_09,23,RELEASE_ALL,brake,direction_change_brake,normal,teacher_real_micro_20260803_034023_674665/episode_02,9,RIGHT,move,move_toward_safe_platform,normal,0.7086922557836298,1.3700952497893035,0.9702802681636205,0.2,0.2
teacher_real_micro_20260803_034023_674665/episode_09,24,RIGHT,special_escape,escape_special_contact,spikes,teacher_real_micro_20260803_034023_674665/episode_01,106,RELEASE_ALL,aligned,aligned_with_safe_platform,normal,0.8425368069923017,0.9801069550204871,1.8953564426124068,0.2,0.0
teacher_real_micro_20260803_034023_674665/episode_09,25,RIGHT,special_escape,escape_special_contact,spikes,teacher_real_micro_20260803_034023_674665/episode_08,38,LEFT,support_departure,depart_support_platform,spring,1.1778012480909095,2.0678395790910327,2.419099791410359,0.2,0.2
teacher_real_micro_20260803_034023_674665/episode_09,26,RIGHT,special_escape,escape_special_contact,spikes,teacher_real_micro_20260803_034023_674665/episode_02,137,RELEASE_ALL,brake,direction_change_brake,spikes,1.058716916741453,1.2520606341037226,3.522553777234955,0.4,0.2
teacher_real_micro_20260803_034023_674665/episode_09,27,RIGHT,special_escape,escape_special_contact,spikes,teacher_real_micro_20260803_034023_674665/episode_02,138,LEFT,special_escape,escape_special_contact,spikes,1.1251456888445064,3.5044134898409087,1.8713917166988225,0.6,0.4
teacher_real_micro_20260803_034023_674665/episode_09,28,RIGHT,special_escape,escape_special_contact,spikes,teacher_real_micro_20260803_034023_674665/episode_02,82,RELEASE_ALL,aligned,aligned_with_safe_platform,normal,1.2821835745665586,2.1271712075144884,2.329943339460397,0.8,0.2
teacher_real_micro_20260803_034023_674665/episode_09,29,RELEASE_ALL,recovery,aligned_with_recovery_platform,normal,teacher_real_micro_20260803_034023_674665/episode_02,13,LEFT,support_departure,depart_support_platform,flipping,1.1101033875538469,2.3263920746442457,1.4453560570035728,0.2,0.8
teacher_real_micro_20260803_034023_674665/episode_09,30,RELEASE_ALL,recovery,aligned_with_recovery_platform,normal,teacher_real_micro_20260803_034023_674665/episode_08,27,LEFT,support_departure,depart_support_platform,normal,1.0901379021472002,0.5558420882544337,1.03664923139636,0.4,0.6
teacher_real_micro_20260803_034023_674665/episode_09,31,LEFT,support_departure,depart_support_platform,normal,teacher_real_micro_20260803_034023_674665/episode_01,32,RELEASE_ALL,aligned,aligned_with_safe_platform,normal,1.1217718519628395,0.7295527132191783,1.1084975453113857,0.4,0.6
teacher_real_micro_20260803_034023_674665/episode_09,33,LEFT,support_departure,depart_support_platform,normal,teacher_real_micro_20260803_034023_674665/episode_02,55,RELEASE_ALL,aligned,aligned_with_safe_platform,flipping,0.867423206471565,0.6448093718397906,1.212688295596402,0.2,0.4
teacher_real_micro_20260803_034023_674665/episode_09,34,LEFT,support_departure,depart_support_platform,normal,teacher_real_micro_20260803_034023_674665/episode_06,53,RELEASE_ALL,brake,direction_change_brake,normal,0.7525196728124065,0.6875086212493138,1.7043200739239353,0.6,0.4
teacher_real_micro_20260803_034023_674665/episode_09,35,RELEASE_ALL,recovery,aligned_with_recovery_platform,normal,teacher_real_micro_20260803_034023_674665/episode_02,66,LEFT,support_departure,depart_support_platform,normal,1.0496079903564524,0.6361366562208619,1.1667430982936962,0.2,0.4
teacher_real_micro_20260803_034023_674665/episode_09,36,RELEASE_ALL,recovery,aligned_with_recovery_platform,normal,teacher_real_micro_20260803_034023_674665/episode_02,57,RIGHT,support_departure,depart_support_platform,normal,1.2033471053272595,0.8409630001733528,1.3134590218842432,0.2,0.2
teacher_real_micro_20260803_034023_674665/episode_09,37,RELEASE_ALL,recovery,aligned_with_recovery_platform,normal,teacher_real_micro_20260803_034023_674665/episode_02,121,RIGHT,special_escape,escape_special_contact,spring,1.0049810174035272,2.1563438955938046,2.2824964261622624,0.8,0.6
teacher_real_micro_20260803_034023_674665/episode_09,38,RIGHT,support_departure,depart_support_platform,normal,teacher_real_micro_20260803_034023_674665/episode_01,83,RELEASE_ALL,aligned,aligned_with_safe_platform,normal,1.0873060848987022,0.6534979917827042,1.1194374205718451,0.4,0.4
teacher_real_micro_20260803_034023_674665/episode_09,40,RELEASE_ALL,recovery,aligned_with_recovery_platform,normal,teacher_real_micro_20260803_034023_674665/episode_01,86,RIGHT,support_departure,depart_support_platform,normal,0.95551595811188,0.5178412280397391,1.1519240868446818,0.6,0.6
teacher_real_micro_20260803_034023_674665/episode_09,41,RELEASE_ALL,recovery,aligned_with_recovery_platform,normal,teacher_real_micro_20260803_034023_674665/episode_01,89,LEFT,special_escape,escape_special_contact,spikes,0.9699499740988669,2.0916899743816364,2.1756815691830003,0.6,0.4
teacher_real_micro_20260803_034023_674665/episode_09,42,RELEASE_ALL,recovery,aligned_with_recovery_platform,normal,teacher_real_micro_20260803_034023_674665/episode_01,88,LEFT,special_escape,escape_special_contact,spikes,0.9817266753001685,0.6194928518843714,2.19647089060646,0.6,0.6
teacher_real_micro_20260803_034023_674665/episode_09,43,LEFT,support_departure,depart_support_platform,normal,teacher_real_micro_20260803_034023_674665/episode_01,91,RIGHT,wall_guard,wall_guard_inward,spring,0.9492013648361951,3.9487967935958586,6.487671772200953,0.6,0.4
teacher_real_micro_20260803_034023_674665/episode_09,44,LEFT,support_departure,depart_support_platform,normal,teacher_real_micro_20260803_034023_674665/episode_02,72,RELEASE_ALL,aligned,aligned_with_safe_platform,normal,0.8068631463034034,0.4543299412230794,1.037385876853118,0.8,0.4
teacher_real_micro_20260803_034023_674665/episode_09,45,LEFT,support_departure,depart_support_platform,normal,teacher_real_micro_20260803_034023_674665/episode_08,21,RELEASE_ALL,brake,direction_change_brake,normal,0.8528519419793736,0.47287700950482014,1.4488364690381945,0.4,0.2
teacher_real_micro_20260803_034023_674665/episode_09,46,LEFT,support_departure,depart_support_platform,normal,teacher_real_micro_20260803_034023_674665/episode_08,21,RELEASE_ALL,brake,direction_change_brake,normal,0.775533980443503,0.45728005726984333,1.4033054717682738,0.4,0.6
teacher_real_micro_20260803_034023_674665/episode_09,47,RELEASE_ALL,recovery,aligned_with_recovery_platform,normal,teacher_real_micro_20260803_034023_674665/episode_02,66,LEFT,support_departure,depart_support_platform,normal,0.7158798886943818,0.47282482429833417,0.992955900969267,0.6,0.4
teacher_real_micro_20260803_034023_674665/episode_09,48,RELEASE_ALL,recovery,aligned_with_recovery_platform,normal,teacher_real_micro_20260803_034023_674665/episode_08,22,RIGHT,special_escape,escape_special_contact,spikes,0.6477813177047574,0.912576552512278,1.8819714589096823,0.4,0.6
teacher_real_micro_20260803_034023_674665/episode_09,49,RELEASE_ALL,recovery,aligned_with_recovery_platform,normal,teacher_real_micro_20260803_034023_674665/episode_08,23,RIGHT,special_escape,escape_special_contact,spikes,0.6675417069819096,1.8618622515257393,1.9133076394294517,0.8,0.4
teacher_real_micro_20260803_034023_674665/episode_09,50,RIGHT,support_departure,depart_support_platform,normal,teacher_real_micro_20260803_034023_674665/episode_02,75,RELEASE_ALL,aligned,aligned_with_visible_safe_platform,normal,0.8976362124712912,0.6694817220035104,1.0114409544695784,0.2,0.4
teacher_real_micro_20260803_034023_674665/episode_09,51,RIGHT,support_departure,depart_support_platform,normal,teacher_real_micro_20260803_034023_674665/episode_02,76,RELEASE_ALL,aligned,aligned_with_visible_safe_platform,normal,0.7707507426794838,0.9380513731934845,1.1393971956542894,0.8,0.2
teacher_real_micro_20260803_034023_674665/episode_09,52,RIGHT,support_departure,depart_support_platform,normal,teacher_real_micro_20260803_034023_674665/episode_02,77,RELEASE_ALL,aligned,aligned_with_visible_safe_platform,normal,0.5731135378645571,1.026542108435792,1.1896655976677775,0.2,0.2
teacher_real_micro_20260803_034023_674665/episode_09,53,RELEASE_ALL,recovery,aligned_with_recovery_platform,normal,teacher_real_micro_20260803_034023_674665/episode_02,78,RIGHT,launch,escape_launch_platform_dwell,normal,0.800042105483558,1.2863881595681792,2.0495275735070035,0.8,0.2
teacher_real_micro_20260803_034023_674665/episode_09,54,LEFT,recovery,move_toward_recovery_platform,normal,teacher_real_micro_20260803_034023_674665/episode_02,82,RELEASE_ALL,aligned,aligned_with_safe_platform,normal,1.0431011577937133,0.7958443483262507,0.7761814421398454,0.4,0.4
teacher_real_micro_20260803_034023_674665/episode_09,55,LEFT,support_departure,depart_support_platform,conveyor,teacher_real_micro_20260803_034023_674665/episode_06,4,RELEASE_ALL,aligned,aligned_with_safe_platform,normal,0.9650786576371478,0.6479600111349225,1.416668487328797,0.6,0.4
teacher_real_micro_20260803_034023_674665/episode_09,56,LEFT,support_departure,depart_support_platform,conveyor,teacher_real_micro_20260803_034023_674665/episode_02,121,RIGHT,special_escape,escape_special_contact,spring,0.8670754996691993,2.4865879551073617,2.389437426356352,0.6,0.0
teacher_real_micro_20260803_034023_674665/episode_09,57,RELEASE_ALL,brake,direction_change_brake,conveyor,teacher_real_micro_20260803_034023_674665/episode_08,40,LEFT,support_departure,depart_support_platform,spring,0.732826741221905,1.1038849806535798,3.9631706439579113,0.8,0.8
teacher_real_micro_20260803_034023_674665/episode_09,58,RIGHT,wall_guard,wall_guard_inward,conveyor,teacher_real_micro_20260803_034023_674665/episode_08,42,RELEASE_ALL,brake,direction_change_brake,normal,0.7635434586925209,3.9464412623345093,4.635187295788616,0.6,0.0
teacher_real_micro_20260803_034023_674665/episode_09,59,RIGHT,support_departure,depart_support_platform,conveyor,teacher_real_micro_20260803_034023_674665/episode_01,79,LEFT,support_departure,depart_support_platform,normal,0.80975802431436,4.027813018991276,1.560535043102075,0.6,0.0
teacher_real_micro_20260803_034023_674665/episode_09,60,RIGHT,support_departure,depart_support_platform,conveyor,teacher_real_micro_20260803_034023_674665/episode_01,79,LEFT,support_departure,depart_support_platform,normal,1.0234754899923806,1.7710440761331343,1.4455427929000242,0.4,0.2
teacher_real_micro_20260803_034023_674665/episode_09,61,RIGHT,recovery,move_toward_recovery_platform,normal,teacher_real_micro_20260803_034023_674665/episode_01,79,LEFT,support_departure,depart_support_platform,normal,1.0674521958592873,1.5875652502279132,1.3406988911006685,0.4,0.4
teacher_real_micro_20260803_034023_674665/episode_09,62,RELEASE_ALL,aligned,aligned_with_deeper_safe_platform,normal,teacher_real_micro_20260803_034023_674665/episode_02,81,RIGHT,move,move_toward_safe_platform,normal,0.8044287923900895,2.5354007866583124,0.742497986493137,0.8,0.4
teacher_real_micro_20260803_034023_674665/episode_09,63,RIGHT,recovery,move_toward_recovery_platform,normal,teacher_real_micro_20260803_034023_674665/episode_02,82,RELEASE_ALL,aligned,aligned_with_safe_platform,normal,0.7441964773236565,0.711501432406253,0.7097630442659741,1.0,1.0
teacher_real_micro_20260803_034023_674665/episode_09,64,RIGHT,recovery,move_toward_recovery_platform,normal,teacher_real_micro_20260803_034023_674665/episode_02,84,RELEASE_ALL,recovery,aligned_with_recovery_platform,normal,1.1613979797300054,0.9380650283182771,0.8666162396769252,0.8,1.0
teacher_real_micro_20260803_034023_674665/episode_09,65,RIGHT,support_departure,depart_support_platform,flipping,teacher_real_micro_20260803_034023_674665/episode_02,137,RELEASE_ALL,brake,direction_change_brake,spikes,1.2899348501279038,2.7538051960387286,4.927625770128172,0.8,0.4
teacher_real_micro_20260803_034023_674665/episode_09,66,RELEASE_ALL,aligned,aligned_with_deeper_safe_platform,flipping,teacher_real_micro_20260803_034023_674665/episode_02,140,LEFT,special_escape,escape_special_contact,spikes,1.2889624253034089,3.6426049665657394,3.3607339756786567,1.0,0.8
teacher_real_micro_20260803_034023_674665/episode_09,67,RELEASE_ALL,aligned,aligned_with_deeper_safe_platform,flipping,teacher_real_micro_20260803_034023_674665/episode_02,128,LEFT,wall_guard,wall_guard_inward,normal,1.3850168291213083,5.124908142325305,4.973278854876146,0.6,0.4
teacher_real_micro_20260803_034023_674665/episode_09,68,RELEASE_ALL,aligned,aligned_with_deeper_safe_platform,flipping,teacher_real_micro_20260803_034023_674665/episode_02,129,LEFT,wall_guard,wall_guard_inward,normal,1.109785098414443,4.761527005617189,4.858674064540276,1.0,0.6
teacher_real_micro_20260803_034023_674665/episode_09,69,LEFT,recovery,move_toward_recovery_platform,normal,teacher_real_micro_20260803_034023_674665/episode_06,43,RIGHT,support_departure,depart_support_platform,normal,1.1149598580698725,0.9503373502487085,1.3492531196670159,0.8,0.8
teacher_real_micro_20260803_034023_674665/episode_09,70,RELEASE_ALL,recovery,aligned_with_recovery_platform,normal,teacher_real_micro_20260803_034023_674665/episode_06,44,RIGHT,support_departure,depart_support_platform,normal,1.188330600178058,1.3775109185666374,1.4568721765939263,0.4,0.8
teacher_real_micro_20260803_034023_674665/episode_09,71,LEFT,support_departure,depart_support_platform,normal,teacher_real_micro_20260803_034023_674665/episode_06,45,RELEASE_ALL,aligned,aligned_with_safe_platform,normal,1.377769581487717,1.5384979144421342,1.418581144941922,0.2,0.6
teacher_real_micro_20260803_034023_674665/episode_09,72,LEFT,support_departure,depart_support_platform,normal,teacher_real_micro_20260803_034023_674665/episode_01,68,RELEASE_ALL,recovery,aligned_with_recovery_platform,normal,1.1178621422916302,0.9153479686870041,1.2014604564037645,0.4,0.4
teacher_real_micro_20260803_034023_674665/episode_09,73,RELEASE_ALL,recovery,aligned_with_recovery_platform,normal,teacher_real_micro_20260803_034023_674665/episode_02,118,LEFT,support_departure,depart_support_platform,spring,1.0264357050516135,0.8887706123505312,1.4604108314264967,0.2,0.0
teacher_real_micro_20260803_034023_674665/episode_09,74,RELEASE_ALL,recovery,aligned_with_recovery_platform,normal,teacher_real_micro_20260803_034023_674665/episode_08,32,RIGHT,recovery,move_toward_recovery_platform,normal,0.9035083106807711,0.48229833576117354,0.6261452578582763,0.4,0.4
teacher_real_micro_20260803_034023_674665/episode_09,75,RELEASE_ALL,recovery,aligned_with_recovery_platform,normal,teacher_real_micro_20260803_034023_674665/episode_02,16,LEFT,support_departure,depart_support_platform,normal,0.6830562727103231,0.5097390652601876,1.0500136992248796,0.6,0.4
teacher_real_micro_20260803_034023_674665/episode_09,76,LEFT,support_departure,depart_support_platform,normal,teacher_real_micro_20260803_034023_674665/episode_06,33,RIGHT,support_departure,depart_support_platform,normal,0.7365403313770925,0.5037573807519389,0.5664019092567752,0.4,0.6
teacher_real_micro_20260803_034023_674665/episode_09,77,LEFT,support_departure,depart_support_platform,normal,teacher_real_micro_20260803_034023_674665/episode_08,35,RIGHT,support_departure,depart_support_platform,normal,0.7218933707350687,0.5527597923848366,0.5562211333357443,0.6,0.6
teacher_real_micro_20260803_034023_674665/episode_09,78,LEFT,support_departure,depart_support_platform,normal,teacher_real_micro_20260803_034023_674665/episode_01,26,RELEASE_ALL,aligned,aligned_with_safe_platform,normal,0.6817331375004664,0.49874959850410927,0.9769704421379646,0.8,0.2
teacher_real_micro_20260803_034023_674665/episode_09,79,RELEASE_ALL,aligned,aligned_with_safe_platform,normal,teacher_real_micro_20260803_034023_674665/episode_08,40,LEFT,support_departure,depart_support_platform,spring,0.6627650529560142,0.7294445035980703,1.2689104211594673,0.6,0.6
teacher_real_micro_20260803_034023_674665/episode_09,80,RELEASE_ALL,aligned,aligned_with_safe_platform,normal,teacher_real_micro_20260803_034023_674665/episode_01,24,RIGHT,support_departure,depart_support_platform,normal,0.4671438114346697,0.2595272345322845,0.7121136384416187,0.4,0.4
teacher_real_micro_20260803_034023_674665/episode_09,82,RIGHT,support_departure,depart_support_platform,normal,teacher_real_micro_20260803_034023_674665/episode_01,26,RELEASE_ALL,aligned,aligned_with_safe_platform,normal,0.5412199705467576,0.40314017114502565,0.8978858280601978,0.2,0.2
teacher_real_micro_20260803_034023_674665/episode_09,83,RIGHT,support_departure,depart_support_platform,normal,teacher_real_micro_20260803_034023_674665/episode_01,26,RELEASE_ALL,aligned,aligned_with_safe_platform,normal,0.5336698950863169,0.27570861955202347,0.8933463153359771,0.6,0.4
teacher_real_micro_20260803_034023_674665/episode_09,85,RELEASE_ALL,aligned,aligned_with_safe_platform,normal,teacher_real_micro_20260803_034023_674665/episode_01,28,RIGHT,support_departure,depart_support_platform,normal,0.52869229639723,0.29955828064334644,0.7810598245368768,0.6,0.6
teacher_real_micro_20260803_034023_674665/episode_09,86,RIGHT,support_departure,depart_support_platform,normal,teacher_real_micro_20260803_034023_674665/episode_02,114,RELEASE_ALL,aligned,aligned_with_safe_platform,normal,0.6881403122526396,0.39374188303076924,0.8231401924347509,0.2,0.4
teacher_real_micro_20260803_034023_674665/episode_09,88,RELEASE_ALL,aligned,aligned_with_safe_platform,normal,teacher_real_micro_20260803_034023_674665/episode_03,9,RIGHT,move,move_toward_safe_platform,normal,0.6230954182977577,0.3318367151790671,0.5284791225106192,0.8,0.8
teacher_real_micro_20260803_034023_674665/episode_09,89,LEFT,support_departure,depart_support_platform,flipping,teacher_real_micro_20260803_034023_674665/episode_03,10,RIGHT,move,move_toward_safe_platform,normal,0.8792990957716655,0.6562953531502055,1.1126016762599966,0.8,0.8
teacher_real_micro_20260803_034023_674665/episode_09,90,LEFT,support_departure,depart_support_platform,flipping,teacher_real_micro_20260803_034023_674665/episode_03,11,RELEASE_ALL,aligned,aligned_with_safe_platform,normal,0.9448895177663869,1.1372652574101019,1.259396004985697,0.6,0.0
teacher_real_micro_20260803_034023_674665/episode_09,91,LEFT,move,move_toward_safe_platform,flipping,teacher_real_micro_20260803_034023_674665/episode_02,119,RELEASE_ALL,aligned,aligned_with_safe_platform,spring,0.9129327365168085,0.9016169165608121,0.7937774566932054,0.6,0.6
teacher_real_micro_20260803_034023_674665/episode_09,92,RELEASE_ALL,aligned,aligned_with_safe_platform,flipping,teacher_real_micro_20260803_034023_674665/episode_02,120,RIGHT,special_escape,escape_special_contact,spring,0.8352806697098858,0.7525401386688195,1.9995531759955631,0.6,0.6
teacher_real_micro_20260803_034023_674665/episode_09,93,RIGHT,support_departure,depart_support_platform,normal,teacher_real_micro_20260803_034023_674665/episode_02,16,LEFT,support_departure,depart_support_platform,normal,0.8720832355724896,0.4530214293742186,0.6019767328513382,0.8,0.6
teacher_real_micro_20260803_034023_674665/episode_09,94,RIGHT,support_departure,depart_support_platform,normal,teacher_real_micro_20260803_034023_674665/episode_02,16,LEFT,support_departure,depart_support_platform,normal,1.0767905738791759,1.2145945440035102,0.8138237638373033,0.4,0.6
teacher_real_micro_20260803_034023_674665/episode_09,95,RIGHT,move,move_toward_safe_platform,normal,teacher_real_micro_20260803_034023_674665/episode_04,28,RELEASE_ALL,brake,direction_change_brake,spring,1.0123017016332752,1.3785633534990653,1.3121682869206515,0.4,0.4
teacher_real_micro_20260803_034023_674665/episode_09,96,RIGHT,move,move_toward_safe_platform,normal,teacher_real_micro_20260803_034023_674665/episode_04,29,LEFT,move,approach_visible_safe_platform,spring,1.1149191590704925,1.3536109569585666,0.8583153889264219,0.6,0.4
teacher_real_micro_20260803_034023_674665/episode_09,97,RIGHT,move,move_toward_safe_platform,normal,teacher_real_micro_20260803_034023_674665/episode_08,38,LEFT,support_departure,depart_support_platform,spring,1.3900184684128087,0.971599623595508,1.5153945425525213,0.4,0.4
teacher_real_micro_20260803_034023_674665/episode_09,98,RIGHT,support_departure,depart_support_platform,normal,teacher_real_micro_20260803_034023_674665/episode_08,18,RELEASE_ALL,aligned,aligned_with_visible_safe_platform,normal,1.5793746856175424,1.0902601721743237,1.298277520824846,0.8,0.6
teacher_real_micro_20260803_034023_674665/episode_09,99,RIGHT,support_departure,depart_support_platform,normal,teacher_real_micro_20260803_034023_674665/episode_01,99,RELEASE_ALL,aligned,aligned_with_safe_platform,normal,1.225667880203931,0.8565743798642341,1.349064039547762,0.8,0.0
teacher_real_micro_20260803_034023_674665/episode_09,100,RIGHT,support_departure,depart_support_platform,normal,teacher_real_micro_20260803_034023_674665/episode_01,3,RELEASE_ALL,aligned,aligned_with_safe_platform,normal,0.8186737624024192,0.46499526464335916,1.1865533693012655,0.8,0.8
teacher_real_micro_20260803_034023_674665/episode_09,101,RELEASE_ALL,aligned,aligned_with_safe_platform,normal,teacher_real_micro_20260803_034023_674665/episode_01,100,LEFT,move,move_toward_safe_platform,normal,1.0280898039315514,1.2479085399731873,0.7370798200569544,0.2,0.0
teacher_real_micro_20260803_034023_674665/episode_09,102,LEFT,move,move_toward_safe_platform,normal,teacher_real_micro_20260803_034023_674665/episode_08,4,RELEASE_ALL,aligned,aligned_with_safe_platform,normal,0.6085688386306791,0.3072432115815551,0.5019269671248103,0.8,1.0
teacher_real_micro_20260803_034023_674665/episode_09,103,LEFT,support_departure,depart_support_platform,normal,teacher_real_micro_20260803_034023_674665/episode_08,5,RELEASE_ALL,aligned,aligned_with_visible_safe_platform,normal,0.6582781809482431,0.5265783284898657,0.8190338925767051,0.8,0.8
teacher_real_micro_20260803_034023_674665/episode_09,104,LEFT,support_departure,depart_support_platform,normal,teacher_real_micro_20260803_034023_674665/episode_10,6,RELEASE_ALL,aligned,aligned_with_visible_safe_platform,normal,0.7929528715782627,0.8858445639434731,1.0934484392686101,0.6,0.0
teacher_real_micro_20260803_034023_674665/episode_09,105,LEFT,support_departure,depart_support_platform,normal,teacher_real_micro_20260803_034023_674665/episode_08,6,RELEASE_ALL,aligned,aligned_with_visible_safe_platform,normal,0.836596695150641,1.018027509842124,1.129433815968481,0.6,0.0
teacher_real_micro_20260803_034023_674665/episode_09,106,RELEASE_ALL,aligned,aligned_with_safe_platform,normal,teacher_real_micro_20260803_034023_674665/episode_08,30,LEFT,support_departure,depart_support_platform,normal,0.6666714768601105,0.3803088001705599,1.0598584608613606,0.4,0.8
teacher_real_micro_20260803_034023_674665/episode_09,107,RIGHT,move,move_toward_safe_platform,normal,teacher_real_micro_20260803_034023_674665/episode_08,31,RELEASE_ALL,recovery,aligned_with_recovery_platform,normal,0.6629926714471529,1.0447869273583537,0.620109027103801,1.0,1.0
teacher_real_micro_20260803_034023_674665/episode_09,108,RELEASE_ALL,aligned,aligned_with_safe_platform,normal,teacher_real_micro_20260803_034023_674665/episode_01,70,LEFT,support_departure,depart_support_platform,normal,1.1348830769211111,0.8530269752959863,1.089638741242462,0.6,0.4
teacher_real_micro_20260803_034023_674665/episode_09,109,LEFT,support_departure,depart_support_platform,normal,teacher_real_micro_20260803_034023_674665/episode_08,33,RELEASE_ALL,recovery,aligned_with_recovery_platform,normal,1.2706252757506875,0.8875845493910428,1.154174942667244,0.4,0.6
teacher_real_micro_20260803_034023_674665/episode_09,110,LEFT,support_departure,depart_support_platform,normal,teacher_real_micro_20260803_034023_674665/episode_06,38,RELEASE_ALL,aligned,aligned_with_safe_platform,normal,1.0845432509828266,1.0310946507771586,1.2052378132546238,0.4,0.2
teacher_real_micro_20260803_034023_674665/episode_09,111,RELEASE_ALL,aligned,aligned_with_safe_platform,normal,teacher_real_micro_20260803_034023_674665/episode_01,78,LEFT,support_departure,depart_support_platform,normal,0.8539965839301763,1.197755633947064,0.9082323193609425,1.0,1.0
teacher_real_micro_20260803_034023_674665/episode_09,112,RELEASE_ALL,aligned,aligned_with_safe_platform,normal,teacher_real_micro_20260803_034023_674665/episode_01,24,RIGHT,support_departure,depart_support_platform,normal,0.5886119270080732,0.31564431299014656,0.7637886681818333,0.8,0.4
teacher_real_micro_20260803_034023_674665/episode_09,113,RELEASE_ALL,aligned,aligned_with_visible_safe_platform,normal,teacher_real_micro_20260803_034023_674665/episode_01,24,RIGHT,support_departure,depart_support_platform,normal,0.531053380370782,0.27750539049187617,0.728239859260488,1.0,0.8
teacher_real_micro_20260803_034023_674665/episode_09,114,RIGHT,support_departure,depart_support_platform,normal,teacher_real_micro_20260803_034023_674665/episode_01,79,LEFT,support_departure,depart_support_platform,normal,0.715770583241142,0.8423321659356722,0.691746729072467,0.6,0.6
teacher_real_micro_20260803_034023_674665/episode_09,115,RIGHT,support_departure,depart_support_platform,normal,teacher_real_micro_20260803_034023_674665/episode_01,79,LEFT,support_departure,depart_support_platform,normal,0.5872414829882531,0.4771065092781986,0.459304376747801,0.4,0.0
teacher_real_micro_20260803_034023_674665/episode_09,116,RELEASE_ALL,aligned,aligned_with_safe_platform,normal,teacher_real_micro_20260803_034023_674665/episode_02,80,RIGHT,launch,escape_launch_platform,launch_platform,0.5992430522226087,1.7390547574762554,2.358398901160669,0.8,0.6
teacher_real_micro_20260803_034023_674665/episode_09,117,LEFT,special_escape,escape_special_contact,spikes,teacher_real_micro_20260803_034023_674665/episode_02,83,RELEASE_ALL,aligned,aligned_with_safe_platform,normal,0.4542872504592239,0.27252835323873714,1.9569722652747195,1.0,1.0
teacher_real_micro_20260803_034023_674665/episode_09,118,LEFT,special_escape,escape_special_contact,spikes,teacher_real_micro_20260803_034023_674665/episode_02,83,RELEASE_ALL,aligned,aligned_with_safe_platform,normal,0.8096802273166548,2.0801183315254934,2.1183097972035334,0.8,0.6
teacher_real_micro_20260803_034023_674665/episode_09,119,LEFT,special_escape,escape_special_contact,spikes,teacher_real_micro_20260803_034023_674665/episode_02,85,RELEASE_ALL,recovery,aligned_with_recovery_platform,normal,1.029881994362098,2.2012312521830597,2.7495720753285156,0.6,0.8
teacher_real_micro_20260803_034023_674665/episode_09,120,RELEASE_ALL,brake,direction_change_brake,spikes,teacher_real_micro_20260803_034023_674665/episode_06,52,LEFT,support_departure,depart_support_platform,normal,1.3081831384898723,2.5627177721955277,4.609199010206027,0.6,0.2
teacher_real_micro_20260803_034023_674665/episode_09,121,RIGHT,special_escape,escape_special_contact,spikes,teacher_real_micro_20260803_034023_674665/episode_06,53,RELEASE_ALL,brake,direction_change_brake,normal,1.3937764514725124,4.584994448752981,4.920316075822875,0.4,0.8
teacher_real_micro_20260803_034023_674665/episode_09,122,RIGHT,special_escape,escape_special_contact,spikes,teacher_real_micro_20260803_034023_674665/episode_02,82,RELEASE_ALL,aligned,aligned_with_safe_platform,normal,1.408159358832268,4.149659210704618,3.2168986296519133,0.2,0.6
teacher_real_micro_20260803_034023_674665/episode_09,123,RIGHT,special_escape,escape_special_contact,spikes,teacher_real_micro_20260803_034023_674665/episode_02,79,RELEASE_ALL,aligned,aligned_with_visible_safe_platform,normal,1.433400615528031,4.132520778213061,5.917429636334126,0.2,0.2
teacher_real_micro_20260803_034023_674665/episode_09,124,RIGHT,special_escape,escape_special_contact,spikes,teacher_real_micro_20260803_034023_674665/episode_02,137,RELEASE_ALL,brake,direction_change_brake,spikes,1.17800219770122,3.7357152412023185,3.7328482220101846,0.6,0.8
teacher_real_micro_20260803_034023_674665/episode_09,125,RIGHT,special_escape,escape_special_contact,spikes,teacher_real_micro_20260803_034023_674665/episode_02,90,RELEASE_ALL,brake,direction_change_brake,normal,1.2620597770034825,5.632034712062403,4.311916149294504,0.6,0.8
teacher_real_micro_20260803_034023_674665/episode_09,126,RIGHT,special_escape,escape_special_contact,spikes,teacher_real_micro_20260803_034023_674665/episode_02,82,RELEASE_ALL,aligned,aligned_with_safe_platform,normal,1.3318878014993607,3.818252473676915,4.104856391103901,0.4,0.8
teacher_real_micro_20260803_034023_674665/episode_09,127,RELEASE_ALL,brake,direction_change_brake,conveyor,teacher_real_micro_20260803_034023_674665/episode_08,27,LEFT,support_departure,depart_support_platform,normal,1.5286171412474157,4.102305269105665,1.8785017933736639,0.6,0.8
teacher_real_micro_20260803_034023_674665/episode_09,128,LEFT,move,move_toward_safe_platform,flipping,teacher_real_micro_20260803_034023_674665/episode_02,83,RELEASE_ALL,aligned,aligned_with_safe_platform,normal,1.7207208370923834,1.6522301295089856,1.2179305898164623,0.6,0.4
teacher_real_micro_20260803_034023_674665/episode_09,129,LEFT,move,approach_visible_safe_platform,flipping,teacher_real_micro_20260803_034023_674665/episode_04,31,RELEASE_ALL,no_target,no_reachable_landing,,1.6218295069308768,0.9521134535666617,2.2226487783169384,0.4,0.6
teacher_real_micro_20260803_034023_674665/episode_10,0,RIGHT,support_departure,depart_support_platform,normal,teacher_real_micro_20260803_034023_674665/episode_03,0,LEFT,support_departure,depart_support_platform,normal,0.44333250659612844,0.22166625329806422,0.3719443073026782,0.2,0.4
teacher_real_micro_20260803_034023_674665/episode_10,1,RIGHT,support_departure,depart_support_platform,normal,teacher_real_micro_20260803_034023_674665/episode_02,2,RELEASE_ALL,aligned,aligned_with_safe_platform,normal,0.404584376468219,0.37348114791640097,0.8578161303897363,0.2,0.0
teacher_real_micro_20260803_034023_674665/episode_10,2,RIGHT,support_departure,depart_support_platform,normal,teacher_real_micro_20260803_034023_674665/episode_02,2,RELEASE_ALL,aligned,aligned_with_safe_platform,normal,0.35251892170658045,0.17691948604403224,0.8273054809214984,0.4,0.6
teacher_real_micro_20260803_034023_674665/episode_10,3,RELEASE_ALL,aligned,aligned_with_safe_platform,normal,teacher_real_micro_20260803_034023_674665/episode_08,2,RIGHT,support_departure,depart_support_platform,normal,0.49998441659603976,0.27710147463254237,0.9214222426344312,0.6,0.2
teacher_real_micro_20260803_034023_674665/episode_10,4,RELEASE_ALL,aligned,aligned_with_safe_platform,normal,teacher_real_micro_20260803_034023_674665/episode_01,103,LEFT,support_departure,depart_support_platform,normal,0.5311522627513918,0.9569032681627576,0.9787269581404907,0.2,0.2
teacher_real_micro_20260803_034023_674665/episode_10,5,RELEASE_ALL,aligned,aligned_with_visible_safe_platform,normal,teacher_real_micro_20260803_034023_674665/episode_01,101,LEFT,support_departure,depart_support_platform,normal,0.5134130112119879,0.4762247412428744,0.7794738087468065,0.4,0.2
teacher_real_micro_20260803_034023_674665/episode_10,6,RELEASE_ALL,aligned,aligned_with_visible_safe_platform,normal,teacher_real_micro_20260803_034023_674665/episode_01,102,LEFT,support_departure,depart_support_platform,normal,0.4441344522386375,0.7360300055929965,0.9411079969659993,0.6,0.2
teacher_real_micro_20260803_034023_674665/episode_10,7,RIGHT,support_departure,depart_support_platform,normal,teacher_real_micro_20260803_034023_674665/episode_01,103,LEFT,support_departure,depart_support_platform,normal,0.4634787555134611,0.937536430501894,0.6188392366112606,1.0,1.0
teacher_real_micro_20260803_034023_674665/episode_10,8,RIGHT,support_departure,depart_support_platform,normal,teacher_real_micro_20260803_034023_674665/episode_08,4,RELEASE_ALL,aligned,aligned_with_safe_platform,normal,0.47739188993387466,0.733781678161547,0.9034675981602972,0.8,0.2
teacher_real_micro_20260803_034023_674665/episode_10,9,RELEASE_ALL,aligned,aligned_with_safe_platform,normal,teacher_real_micro_20260803_034023_674665/episode_01,11,RIGHT,support_departure,depart_support_platform,normal,0.42592017768101903,0.21655355932343837,0.9184249150443271,0.4,0.4
teacher_real_micro_20260803_034023_674665/episode_10,10,RELEASE_ALL,aligned,aligned_with_safe_platform,normal,teacher_real_micro_20260803_034023_674665/episode_08,29,LEFT,support_departure,depart_support_platform,normal,0.6131366107043248,1.051713302778698,1.1040709426752864,0.2,0.0
teacher_real_micro_20260803_034023_674665/episode_10,11,RELEASE_ALL,aligned,aligned_with_safe_platform,normal,teacher_real_micro_20260803_034023_674665/episode_08,30,LEFT,support_departure,depart_support_platform,normal,0.8121004819193507,1.1894791597143115,1.1862566749932575,0.2,0.0
teacher_real_micro_20260803_034023_674665/episode_10,12,RELEASE_ALL,aligned,aligned_with_safe_platform,normal,teacher_real_micro_20260803_034023_674665/episode_08,8,LEFT,launch,escape_launch_platform_dwell,normal,0.6308100912441056,0.5115403458523764,2.188070666534114,0.6,1.0
teacher_real_micro_20260803_034023_674665/episode_10,13,LEFT,support_departure,depart_support_platform,normal,teacher_real_micro_20260803_034023_674665/episode_04,9,RELEASE_ALL,aligned,aligned_with_safe_platform,normal,0.876833277534158,0.544594286127592,0.9137872951606427,0.4,0.6
teacher_real_micro_20260803_034023_674665/episode_10,14,LEFT,support_departure,depart_support_platform,normal,teacher_real_micro_20260803_034023_674665/episode_04,10,RELEASE_ALL,aligned,aligned_with_safe_platform,normal,0.8296009090749821,0.8822514441539641,1.1451505488209688,0.2,0.0
teacher_real_micro_20260803_034023_674665/episode_10,15,LEFT,support_departure,depart_support_platform,normal,teacher_real_micro_20260803_034023_674665/episode_04,13,RELEASE_ALL,aligned,aligned_with_safe_platform,normal,0.30621906341290084,0.15670300218937927,0.8074612814232844,0.6,0.4
teacher_real_micro_20260803_034023_674665/episode_10,16,LEFT,support_departure,depart_support_platform,normal,teacher_real_micro_20260803_034023_674665/episode_01,18,RELEASE_ALL,aligned,aligned_with_safe_platform,normal,0.08866827090740044,0.06310818532369572,0.7082461857958495,0.4,0.2
teacher_real_micro_20260803_034023_674665/episode_10,17,RELEASE_ALL,brake,direction_change_brake,normal,teacher_real_micro_20260803_034023_674665/episode_04,15,LEFT,support_departure,depart_support_platform,normal,0.37190675913090543,0.8271326212409524,0.9898971175060696,0.4,0.6
teacher_real_micro_20260803_034023_674665/episode_10,18,RIGHT,move,move_toward_safe_platform,normal,teacher_real_micro_20260803_034023_674665/episode_01,20,LEFT,support_departure,depart_support_platform,normal,0.2889366981533416,0.679548786415074,0.6311319549596762,1.0,0.0
teacher_real_micro_20260803_034023_674665/episode_10,19,RIGHT,move,move_toward_safe_platform,normal,teacher_real_micro_20260803_034023_674665/episode_04,20,LEFT,move,move_toward_safe_platform,normal,0.4588888074401226,0.4671899666860345,0.43798591243043683,1.0,0.8
teacher_real_micro_20260803_034023_674665/episode_10,20,RELEASE_ALL,brake,direction_change_brake,normal,teacher_real_micro_20260803_034023_674665/episode_04,20,LEFT,move,move_toward_safe_platform,normal,0.7444708357523423,0.6062946320017639,1.10894540202025,0.4,0.2
teacher_real_micro_20260803_034023_674665/episode_10,21,RELEASE_ALL,no_target,no_reachable_landing,,teacher_real_micro_20260803_034023_674665/episode_08,14,RIGHT,support_departure,depart_support_platform,normal,1.044408385208004,1.1360629697638494,1.8891601827545423,0.8,1.0
